unique_id,date,address
gmb-2021-388480,02-11-2021,"Nieuwe Achtergracht 18-2, Amsterdam, Netherlands"
gmb-2021-388461,02-11-2021,"Van Ostadestraat 286-3, Amsterdam, Netherlands"
gmb-2021-388493,02-11-2021,"Javastraat 66-4, Amsterdam, Netherlands"
gmb-2021-388474,02-11-2021,"Aalsmeerweg 125-3, Amsterdam, Netherlands"
gmb-2021-388455,02-11-2021,"Jan van Galenstraat 170-3, Amsterdam, Netherlands"
gmb-2021-388487,02-11-2021,"geen 'verleend', Amsterdam, Netherlands"
gmb-2021-388468,02-11-2021,"Oosterpark 85-1, Amsterdam, Netherlands"
gmb-2021-388550,02-11-2021,"Linnaeusparkweg 111 3, Amsterdam, Netherlands"
gmb-2021-388531,02-11-2021,"Ten Katestraat 59-4, Amsterdam, Netherlands"
gmb-2021-388512,02-11-2021,"Deurloostraat 35-2, Amsterdam, Netherlands"
gmb-2021-388544,02-11-2021,"Hoofdweg 322-2, Amsterdam, Netherlands"
gmb-2021-388525,02-11-2021,"De Wittenstraat 74-2, Amsterdam, Netherlands"
gmb-2021-388506,02-11-2021,"Brederodestraat 50-2, Amsterdam, Netherlands"
gmb-2021-388538,02-11-2021,"geen 'verleend', Amsterdam, Netherlands"
gmb-2021-388519,02-11-2021,"Govert Flinckstraat 271-2, Amsterdam, Netherlands"
gmb-2021-388481,02-11-2021,"Gillis van Ledenberchstraat 46-2, Amsterdam, Netherlands"
gmb-2021-388462,02-11-2021,"Van Hogendorpstraat 158-3, Amsterdam, Netherlands"
gmb-2021-388494,02-11-2021,"Pieter van der Doesstraat 36-1, Amsterdam, Netherlands"
gmb-2021-388475,02-11-2021,"Baarsjesweg 276-2, Amsterdam, Netherlands"
gmb-2021-388456,02-11-2021,"Van Oldenbarneveldtstraat 64-2, Amsterdam, Netherlands"
gmb-2021-388500,02-11-2021,"Bilderdijkkade 31-1, Amsterdam, Netherlands"
gmb-2021-388488,02-11-2021,"Daniël Stalpertstraat 27-3, Amsterdam, Netherlands"
gmb-2021-388469,02-11-2021,"Kometensingel 110-1, Amsterdam, Netherlands"
gmb-2021-388532,02-11-2021,"Olympiaweg 28-2, Amsterdam, Netherlands"
gmb-2021-388513,02-11-2021,"De Wittenkade 92-1, Amsterdam, Netherlands"
gmb-2021-388545,02-11-2021,"Gerard Schaepstraat 14-2, Amsterdam, Netherlands"
gmb-2021-388526,02-11-2021,"Katwijkstraat 20-2, Amsterdam, Netherlands"
gmb-2021-388507,02-11-2021,"Roelof Hartplein 7-2, Amsterdam, Netherlands"
gmb-2021-388539,02-11-2021,"Oude Waal 37-3, Amsterdam, Netherlands"
gmb-2021-388482,02-11-2021,"Biesboschstraat 5-3, Amsterdam, Netherlands"
gmb-2021-388463,02-11-2021,"Weissenbruchstraat 41-2, Amsterdam, Netherlands"
gmb-2021-388495,02-11-2021,"De Genestetstraat 6-1, Amsterdam, Netherlands"
gmb-2021-388476,02-11-2021,"Da Costastraat 51-3, Amsterdam, Netherlands"
gmb-2021-388457,02-11-2021,"Sanderijnstraat 9-1, Amsterdam, Netherlands"
gmb-2021-388520,02-11-2021,"Prinsengracht 733-2, Amsterdam, Netherlands"
gmb-2021-388501,02-11-2021,"Jan Bernardusstraat 18-2L, Amsterdam, Netherlands"
gmb-2021-388489,02-11-2021,"Van Boetzelaerstraat 96-4, Amsterdam, Netherlands"
gmb-2021-388533,02-11-2021,"Groen van Prinstererstraat 31-3, Amsterdam, Netherlands"
gmb-2021-388514,02-11-2021,"Lijnbaansgracht 322-2, Amsterdam, Netherlands"
gmb-2021-358653,14-10-2021,"Tweede Hugo de Grootstraat 19-4, Amsterdam, Netherlands"
gmb-2021-358666,14-10-2021,"Kinkerstraat 68B, Amsterdam, Netherlands"
gmb-2021-358628,14-10-2021,"Bastingstraat 11, Amsterdam, Netherlands"
gmb-2021-358654,14-10-2021,"Da Costakade 343, Amsterdam, Netherlands"
gmb-2021-358591,14-10-2021,"Bataviastraat 67F, Amsterdam, Netherlands"
gmb-2021-358636,14-10-2021,"Marnixstraat 186-3, Amsterdam, Netherlands"
gmb-2021-358687,14-10-2021,"Aurikelstraat 82, Amsterdam, Netherlands"
gmb-2021-358663,14-10-2021,"Eerste Tuindwarsstraat 8-H, Amsterdam, Netherlands"
gmb-2021-358625,14-10-2021,"Javastraat 108-1, Amsterdam, Netherlands"
gmb-2021-358606,14-10-2021,"Schippersstraat 10B, Amsterdam, Netherlands"
gmb-2021-358676,14-10-2021,"Saskia van Uijlenburgkade 23, Amsterdam, Netherlands"
gmb-2021-358638,14-10-2021,"Haarlemmer Houttuinen 297, Amsterdam, Netherlands"
gmb-2021-358651,14-10-2021,"Willem Augustinstraat 182, Amsterdam, Netherlands"
gmb-2021-356790,13-10-2021,
gmb-2021-354186,12-10-2021,"Jaap Speyerstraat 20, Amsterdam, Netherlands"
gmb-2021-354148,12-10-2021,"Liergouw 28, Amsterdam, Netherlands"
gmb-2021-354230,12-10-2021,"Sint Willibrordusstraat 60-2, Amsterdam, Netherlands"
gmb-2021-354243,12-10-2021,"Van Tuyll van Serooskerkenweg 144-3, Amsterdam, Netherlands"
gmb-2021-354256,12-10-2021,"Wijnsilostraat 78, Amsterdam, Netherlands"
gmb-2021-354079,12-10-2021,"Willem de Zwijgerlaan 132-3, Amsterdam, Netherlands"
gmb-2021-354193,12-10-2021,"Nieuwe Kerkstraat 108-2, Amsterdam, Netherlands"
gmb-2021-354155,12-10-2021,"Schokkerjachtdijk 11, Amsterdam, Netherlands"
gmb-2021-354231,12-10-2021,"Reguliersdwarsstraat 95D, Amsterdam, Netherlands"
gmb-2021-354073,12-10-2021,"IJburglaan 516, Amsterdam, Netherlands"
gmb-2021-354219,12-10-2021,"Langestraat 49C, Amsterdam, Netherlands"
gmb-2021-354130,12-10-2021,"Javastraat 137-1, Amsterdam, Netherlands"
gmb-2021-354124,12-10-2021,"Chasséstraat 56-3, Amsterdam, Netherlands"
gmb-2021-354175,12-10-2021,"Ten Katestraat 65-3, Amsterdam, Netherlands"
gmb-2021-354156,12-10-2021,"Willem Molengraaffstraat 20-H, Amsterdam, Netherlands"
gmb-2021-356089,12-10-2021,"Jacob Krüsestraat 156, Amsterdam, Netherlands"
gmb-2021-354087,12-10-2021,"Diamantstraat 137, Amsterdam, Netherlands"
gmb-2021-354068,12-10-2021,"Van Oldenbarneveldtstraat 98-O, Amsterdam, Netherlands"
gmb-2021-354150,12-10-2021,"Valkhof 9, Amsterdam, Netherlands"
gmb-2021-354106,12-10-2021,"Helmholtzstraat 1, Amsterdam, Netherlands"
gmb-2021-356083,12-10-2021,"Pijnackerstraat 18-3, Amsterdam, Netherlands"
gmb-2021-354201,12-10-2021,"Rustenburgerstraat 331-3, Amsterdam, Netherlands"
gmb-2021-354252,12-10-2021,"Tweede Oosterparkstraat 7-2, Amsterdam, Netherlands"
gmb-2021-354233,12-10-2021,"Eerste Atjehstraat 99-3, Amsterdam, Netherlands"
gmb-2021-354062,12-10-2021,"Lumeijstraat 35-2, Amsterdam, Netherlands"
gmb-2021-354056,12-10-2021,"Benedenlangs 61, Amsterdam, Netherlands"
gmb-2021-354069,12-10-2021,"Vondelstraat 72E, Amsterdam, Netherlands"
gmb-2021-354151,12-10-2021,"Van Walbeeckstraat 30-2, Amsterdam, Netherlands"
gmb-2021-354240,12-10-2021,"Jacob van Lennepstraat 52-3A, Amsterdam, Netherlands"
gmb-2021-354221,12-10-2021,"IJburglaan 516, Amsterdam, Netherlands"
gmb-2021-354063,12-10-2021,"Keizersgracht 740B, Amsterdam, Netherlands"
gmb-2021-354197,12-10-2021,"Hasebroekstraat 1-2, Amsterdam, Netherlands"
gmb-2021-354248,12-10-2021,"Fannius Scholtenstraat 73-1, Amsterdam, Netherlands"
gmb-2021-354229,12-10-2021,"Nieuwevaart 118B, Amsterdam, Netherlands"
gmb-2021-354077,12-10-2021,"Bloemgracht 158B, Amsterdam, Netherlands"
gmb-2021-354191,12-10-2021,"Lange Leidsedwarsstraat 160-2, Amsterdam, Netherlands"
gmb-2021-354204,12-10-2021,"Jacques Veltmanstraat 187, Amsterdam, Netherlands"
gmb-2021-354071,12-10-2021,"Lumeijstraat 35-2, Amsterdam, Netherlands"
gmb-2021-354255,12-10-2021,"Jan van Eijckstraat 35-H, Amsterdam, Netherlands"
gmb-2021-354236,12-10-2021,"Eerste Helmersstraat 99-2, Amsterdam, Netherlands"
gmb-2021-354249,12-10-2021,"Bilderdijkkade 849, Amsterdam, Netherlands"
gmb-2021-352957,11-10-2021,
gmb-2021-352057,11-10-2021,"Compagniestraat 10, Amsterdam, Netherlands"
gmb-2021-352038,11-10-2021,"Noord-Bevelandstraat 29, Amsterdam, Netherlands"
gmb-2021-353714,11-10-2021,
gmb-2021-352640,11-10-2021,
gmb-2021-353778,11-10-2021,
gmb-2021-353860,11-10-2021,
gmb-2021-353841,11-10-2021,
gmb-2021-353803,11-10-2021,
gmb-2021-353651,11-10-2021,
gmb-2021-352710,11-10-2021,
gmb-2021-352051,11-10-2021,"Sarphatistraat 87A, Amsterdam, Netherlands"
gmb-2021-352913,11-10-2021,
gmb-2021-352013,11-10-2021,"Kleine Wittenburgerstraat 92, Amsterdam, Netherlands"
gmb-2021-353664,11-10-2021,
gmb-2021-352742,11-10-2021,
gmb-2021-353626,11-10-2021,
gmb-2021-352064,11-10-2021,"G.J.M. Sarlemijnstraat 4, Amsterdam, Netherlands"
gmb-2021-352907,11-10-2021,
gmb-2021-353696,11-10-2021,
gmb-2021-352039,11-10-2021,"IJselstraat 34M, Amsterdam, Netherlands"
gmb-2021-353449,11-10-2021,"Leidsegracht 30 2, Amsterdam, Netherlands"
gmb-2021-353728,11-10-2021,
gmb-2021-353810,11-10-2021,
gmb-2021-353798,11-10-2021,
gmb-2021-352109,11-10-2021,"Swammerdamstraat 12D, Amsterdam, Netherlands"
gmb-2021-352920,11-10-2021,
gmb-2021-352179,11-10-2021,"Prinsengracht 291D, Amsterdam, Netherlands"
gmb-2021-352901,11-10-2021,
gmb-2021-352090,11-10-2021,"Magalhaensplein 14-H, Amsterdam, Netherlands"
gmb-2021-353836,11-10-2021,
gmb-2021-353817,11-10-2021,
gmb-2021-352097,11-10-2021,"Jacob van Lennepkade 44-H, Amsterdam, Netherlands"
gmb-2021-353285,11-10-2021,"geen 'verleend', Amsterdam, Netherlands"
gmb-2021-352103,11-10-2021,"Prinsengracht 249-H, Amsterdam, Netherlands"
gmb-2021-353773,11-10-2021,
gmb-2021-352173,11-10-2021,"Nieuwe Achtergracht 18-H, Amsterdam, Netherlands"
gmb-2021-353279,11-10-2021,"geen 'verleend', Amsterdam, Netherlands"
gmb-2021-352167,11-10-2021,"Frans van Mierisstraat 80-H, Amsterdam, Netherlands"
gmb-2021-353811,11-10-2021,
gmb-2021-352129,11-10-2021,"Schalk Burgerstraat 112, Amsterdam, Netherlands"
gmb-2021-353615,11-10-2021,
gmb-2021-352015,11-10-2021,"Orteliusstraat 332D, Amsterdam, Netherlands"
gmb-2021-353032,11-10-2021,
gmb-2021-352028,11-10-2021,"Maarten Harpertszoon Trompstraat 23-H, Amsterdam, Netherlands"
gmb-2021-353679,11-10-2021,
gmb-2021-353045,11-10-2021,
gmb-2021-353793,11-10-2021,
gmb-2021-352104,11-10-2021,"Celebesstraat 61D, Amsterdam, Netherlands"
gmb-2021-352117,11-10-2021,"Jacob van Lennepstraat 4-H, Amsterdam, Netherlands"
gmb-2021-353768,11-10-2021,
gmb-2021-353850,11-10-2021,
gmb-2021-352168,11-10-2021,"Ten Katestraat 24A-2, Amsterdam, Netherlands"
gmb-2021-352808,11-10-2021,
gmb-2021-353863,11-10-2021,
gmb-2021-352060,11-10-2021,"Bloemgracht 55, Amsterdam, Netherlands"
gmb-2021-353825,11-10-2021,
gmb-2021-352092,11-10-2021,"Derde Oosterparkstraat 2D, Amsterdam, Netherlands"
gmb-2021-353635,11-10-2021,
gmb-2021-352073,11-10-2021,"Nieuwe Achtergracht 18-H, Amsterdam, Netherlands"
gmb-2021-353857,11-10-2021,
gmb-2021-352948,11-10-2021,
gmb-2021-353743,11-10-2021,
gmb-2021-353705,11-10-2021,
gmb-2021-352143,11-10-2021,"Putterstraat 25, Amsterdam, Netherlands"
gmb-2021-353737,11-10-2021,
gmb-2021-352175,11-10-2021,"Witte de Withstraat 5E, Amsterdam, Netherlands"
gmb-2021-353788,11-10-2021,
gmb-2021-353642,11-10-2021,
gmb-2021-352061,11-10-2021,"Hofwijckstraat 72, Amsterdam, Netherlands"
gmb-2021-353845,11-10-2021,
gmb-2021-352733,11-10-2021,
gmb-2021-352955,11-10-2021,
gmb-2021-353040,11-10-2021,
gmb-2021-352150,11-10-2021,"Tweede Jan Steenstraat 68-H, Amsterdam, Netherlands"
gmb-2021-352131,11-10-2021,"Zwanenplein 7, Amsterdam, Netherlands"
gmb-2021-353725,11-10-2021,
gmb-2021-353047,11-10-2021,
gmb-2021-352125,11-10-2021,"Wibautstraat 50L, Amsterdam, Netherlands"
gmb-2021-353852,11-10-2021,
gmb-2021-353814,11-10-2021,
gmb-2021-352081,11-10-2021,"Prinsengracht 733-H, Amsterdam, Netherlands"
gmb-2021-353865,11-10-2021,
gmb-2021-352056,11-10-2021,"Entrepotdok 70B, Amsterdam, Netherlands"
gmb-2021-353688,11-10-2021,
gmb-2021-352100,11-10-2021,"Boniplein 26, Amsterdam, Netherlands"
gmb-2021-353732,11-10-2021,
gmb-2021-352728,11-10-2021,
gmb-2021-352069,11-10-2021,"Waterlooplein 163, Amsterdam, Netherlands"
gmb-2021-352132,11-10-2021,"Eerste Helmersstraat 173-H, Amsterdam, Netherlands"
gmb-2021-353035,11-10-2021,
gmb-2021-353783,11-10-2021,
gmb-2021-352139,11-10-2021,"Vechtstraat 181-H, Amsterdam, Netherlands"
gmb-2021-352665,11-10-2021,
gmb-2021-352627,11-10-2021,
gmb-2021-353834,11-10-2021,
gmb-2021-352012,11-10-2021,"KNSM-laan 634, Amsterdam, Netherlands"
gmb-2021-353682,11-10-2021,
gmb-2021-352044,11-10-2021,"Daguerrestraat 194, Amsterdam, Netherlands"
gmb-2021-353828,11-10-2021,
gmb-2021-353809,11-10-2021,
gmb-2021-353676,11-10-2021,
gmb-2021-350372,08-10-2021,"Vincent van Goghstraat 165, Amsterdam, Netherlands"
gmb-2021-350398,08-10-2021,"Nieuwe Spiegelstraat 23B, Amsterdam, Netherlands"
gmb-2021-350436,08-10-2021,"Haarlemmermeerstraat 118-H, Amsterdam, Netherlands"
gmb-2021-351916,08-10-2021,"Orteliusstraat 218 4, Amsterdam, Netherlands"
gmb-2021-350405,08-10-2021,"Filips van Almondestraat 5-H, Amsterdam, Netherlands"
gmb-2021-351923,08-10-2021,"Bos en Lommerweg 18 3, Amsterdam, Netherlands"
gmb-2021-351930,08-10-2021,"Govert Flinckstraat 111 2V, Amsterdam, Netherlands"
gmb-2021-350375,08-10-2021,"Prinsengracht 870, Amsterdam, Netherlands"
gmb-2021-351798,08-10-2021,"Reinaert de Vosstraat 23 1, Amsterdam, Netherlands"
gmb-2021-350426,08-10-2021,"B. Merkelbachsingel 407, Amsterdam, Netherlands"
gmb-2021-351919,08-10-2021,"Bilderdijkstraat 19- 4A, Amsterdam, Netherlands"
gmb-2021-348266,07-10-2021,"Rinus Michelslaan 223, Amsterdam, Netherlands"
gmb-2021-348361,07-10-2021,"Ruyschstraat 87S, Amsterdam, Netherlands"
gmb-2021-348374,07-10-2021,"Geervliet 12B, Amsterdam, Netherlands"
gmb-2021-348368,07-10-2021,"Binnenkant 28D, Amsterdam, Netherlands"
gmb-2021-348241,07-10-2021,"Memeleiland 41, Amsterdam, Netherlands"
gmb-2021-348267,07-10-2021,"Pieter Cornelisz. Hooftstraat 25B, Amsterdam, Netherlands"
gmb-2021-348330,07-10-2021,"Korte Blekersstraat 1, Amsterdam, Netherlands"
gmb-2021-348311,07-10-2021,"Brouwersgracht 176P, Amsterdam, Netherlands"
gmb-2021-348299,07-10-2021,"Govert Flinckstraat 28, Amsterdam, Netherlands"
gmb-2021-348337,07-10-2021,"Korte Prinsengracht 37G, Amsterdam, Netherlands"
gmb-2021-348382,07-10-2021,"Hof van Eden 11, Amsterdam, Netherlands"
gmb-2021-348306,07-10-2021,"Mariahoevepad 1, Amsterdam, Netherlands"
gmb-2021-348351,07-10-2021,"Roggeveenstraat 161, Amsterdam, Netherlands"
gmb-2021-348339,07-10-2021,"Johan Jongkindstraat 216, Amsterdam, Netherlands"
gmb-2021-348263,07-10-2021,"Grasweg 6A, Amsterdam, Netherlands"
gmb-2021-348320,07-10-2021,"Haarlemmerdijk 107C, Amsterdam, Netherlands"
gmb-2021-348289,07-10-2021,"Lange Vogelstraat 26, Amsterdam, Netherlands"
gmb-2021-348270,07-10-2021,"Rie Mastenbroekstraat 11, Amsterdam, Netherlands"
gmb-2021-348251,07-10-2021,"Schaarsbergenstraat 83, Amsterdam, Netherlands"
gmb-2021-348264,07-10-2021,"Ruysdaelkade 269A, Amsterdam, Netherlands"
gmb-2021-348321,07-10-2021,"Granaatstraat 81, Amsterdam, Netherlands"
gmb-2021-348372,07-10-2021,"Paramaribostraat 51, Amsterdam, Netherlands"
gmb-2021-348353,07-10-2021,"Lijnbaansgracht 105C, Amsterdam, Netherlands"
gmb-2021-348309,07-10-2021,"Anjeliersstraat 39, Amsterdam, Netherlands"
gmb-2021-348398,07-10-2021,"Wormerveerstraat 7-HL, Amsterdam, Netherlands"
gmb-2021-348290,07-10-2021,"Piri Reisplein 66, Amsterdam, Netherlands"
gmb-2021-348252,07-10-2021,"Albert Neuhuysstraat 10-H, Amsterdam, Netherlands"
gmb-2021-348284,07-10-2021,"Nachtwachtlaan 118, Amsterdam, Netherlands"
gmb-2021-348341,07-10-2021,"Nicolaas Berchemstraat 10C, Amsterdam, Netherlands"
gmb-2021-348303,07-10-2021,"Krijn Breurstraat 48, Amsterdam, Netherlands"
gmb-2021-348285,07-10-2021,"Lijnbaansgracht 21, Amsterdam, Netherlands"
gmb-2021-344515,05-10-2021,
gmb-2021-343746,05-10-2021,"Marcantilaan 461, Amsterdam, Netherlands"
gmb-2021-344560,05-10-2021,
gmb-2021-343740,05-10-2021,"Grensstraat 43-O, Amsterdam, Netherlands"
gmb-2021-343728,05-10-2021,"Van Eeghenstraat 28-H, Amsterdam, Netherlands"
gmb-2021-343810,05-10-2021,"Pieter Vlamingstraat 54, Amsterdam, Netherlands"
gmb-2021-344580,05-10-2021,
gmb-2021-343880,05-10-2021,"Johan van Hasseltkade 255A, Amsterdam, Netherlands"
gmb-2021-343823,05-10-2021,"Herschelstraat 11-H, Amsterdam, Netherlands"
gmb-2021-343855,05-10-2021,"Amstelveenseweg 755-H, Amsterdam, Netherlands"
gmb-2021-344536,05-10-2021,
gmb-2021-343817,05-10-2021,"Buiksloterdijk 314, Amsterdam, Netherlands"
gmb-2021-344612,05-10-2021,
gmb-2021-343697,05-10-2021,"Willemsparkweg 184-H, Amsterdam, Netherlands"
gmb-2021-344619,05-10-2021,
gmb-2021-343748,05-10-2021,"Admiraal De Ruijterweg 347B, Amsterdam, Netherlands"
gmb-2021-344505,05-10-2021,
gmb-2021-343875,05-10-2021,"Fannius Scholtenstraat 61B, Amsterdam, Netherlands"
gmb-2021-343698,05-10-2021,"Leeuwarderweg 54, Amsterdam, Netherlands"
gmb-2021-344607,05-10-2021,
gmb-2021-343787,05-10-2021,"Marcantilaan 461, Amsterdam, Netherlands"
gmb-2021-343749,05-10-2021,"Sluisstraat 52-H, Amsterdam, Netherlands"
gmb-2021-343831,05-10-2021,"C. van Eesterenlaan 264, Amsterdam, Netherlands"
gmb-2021-343673,05-10-2021,"Hendrik de Bruynstraat 5-H, Amsterdam, Netherlands"
gmb-2021-343762,05-10-2021,"Ruyschstraat 20-H, Amsterdam, Netherlands"
gmb-2021-343883,05-10-2021,"Loggerhof 29, Amsterdam, Netherlands"
gmb-2021-343877,05-10-2021,"Victorieplein 38-3, Amsterdam, Netherlands"
gmb-2021-343839,05-10-2021,"Snoekjesgracht 60, Amsterdam, Netherlands"
gmb-2021-343668,05-10-2021,"Tweede van Swindenstraat 188-H, Amsterdam, Netherlands"
gmb-2021-343750,05-10-2021,"Uiterwaardenstraat 129, Amsterdam, Netherlands"
gmb-2021-343725,05-10-2021,"Van Nijenrodeweg 853, Amsterdam, Netherlands"
gmb-2021-344565,05-10-2021,
gmb-2021-344527,05-10-2021,
gmb-2021-343827,05-10-2021,"Olympiaweg 83C, Amsterdam, Netherlands"
gmb-2021-343764,05-10-2021,"Lijnbaansgracht 33G, Amsterdam, Netherlands"
gmb-2021-343726,05-10-2021,"Entrepotdok 65, Amsterdam, Netherlands"
gmb-2021-344540,05-10-2021,
gmb-2021-343441,04-10-2021,
gmb-2021-341547,04-10-2021,"Czaar Peterstraat 11B, Amsterdam, Netherlands"
gmb-2021-341541,04-10-2021,"Ruysdaelstraat 118B, Amsterdam, Netherlands"
gmb-2021-341535,04-10-2021,"Bloemstraat 47B, Amsterdam, Netherlands"
gmb-2021-343290,04-10-2021,
gmb-2021-343417,04-10-2021,
gmb-2021-341491,04-10-2021,"Wormerveerstraat 202, Amsterdam, Netherlands"
gmb-2021-343139,04-10-2021,
gmb-2021-343437,04-10-2021,
gmb-2021-343469,04-10-2021,
gmb-2021-343361,04-10-2021,
gmb-2021-343375,04-10-2021,
gmb-2021-343388,04-10-2021,
gmb-2021-343445,04-10-2021,
gmb-2021-341570,04-10-2021,"Brouwersgracht 138F, Amsterdam, Netherlands"
gmb-2021-343420,04-10-2021,
gmb-2021-343433,04-10-2021,
gmb-2021-343414,04-10-2021,
gmb-2021-343281,04-10-2021,
gmb-2021-343427,04-10-2021,
gmb-2021-343370,04-10-2021,
gmb-2021-341457,04-10-2021,"Vincent van Goghstraat 108, Amsterdam, Netherlands"
gmb-2021-343396,04-10-2021,
gmb-2021-341533,04-10-2021,"Parnassusweg 194, Amsterdam, Netherlands"
gmb-2021-341381,04-10-2021,"Anne Frankstraat 264, Amsterdam, Netherlands"
gmb-2021-341508,04-10-2021,"Cruquiuskade 299, Amsterdam, Netherlands"
gmb-2021-343225,04-10-2021,
gmb-2021-341470,04-10-2021,"Gerard Doustraat 210B, Amsterdam, Netherlands"
gmb-2021-341426,04-10-2021,"Smaragdstraat 57, Amsterdam, Netherlands"
gmb-2021-341458,04-10-2021,"Van Ostadestraat 139-O, Amsterdam, Netherlands"
gmb-2021-339689,01-10-2021,"Jozef Israëlskade 10A, Amsterdam, Netherlands"
gmb-2021-339727,01-10-2021,"Vrolikstraat 431B, Amsterdam, Netherlands"
gmb-2021-339778,01-10-2021,"Celebesstraat 110G, Amsterdam, Netherlands"
gmb-2021-339729,01-10-2021,"Brederodestraat 26-H, Amsterdam, Netherlands"
gmb-2021-339742,01-10-2021,"Spaarndammerstraat 145C, Amsterdam, Netherlands"
gmb-2021-339825,01-10-2021,"Johan Jongkindstraat 216, Amsterdam, Netherlands"
gmb-2021-339737,01-10-2021,"Maldenhof 477, Amsterdam, Netherlands"
gmb-2021-339788,01-10-2021,"Johan Jongkindstraat 216, Amsterdam, Netherlands"
gmb-2021-339827,01-10-2021,"Eerste Jan van der Heijdenstraat 113C, Amsterdam, Netherlands"
gmb-2021-339770,01-10-2021,"Nicolaas Beetsstraat 110-H, Amsterdam, Netherlands"
gmb-2021-337572,30-09-2021,"Hugo de Grootkade 40-O, Amsterdam, Netherlands"
gmb-2021-337636,30-09-2021,"Van Houweningenstraat 72-H, Amsterdam, Netherlands"
gmb-2021-337609,30-09-2021,"Javastraat 93R, Amsterdam, Netherlands"
gmb-2021-337584,30-09-2021,"Singel 238A, Amsterdam, Netherlands"
gmb-2021-337629,30-09-2021,"Camperstraat 20W, Amsterdam, Netherlands"
gmb-2021-333638,28-09-2021,"Hugo de Grootkade 48-H, Amsterdam, Netherlands"
gmb-2021-334186,28-09-2021,
gmb-2021-334433,28-09-2021,
gmb-2021-333550,28-09-2021,"Nicolaas Beetsstraat 136-H, Amsterdam, Netherlands"
gmb-2021-334441,28-09-2021,
gmb-2021-334410,28-09-2021,
gmb-2021-334423,28-09-2021,
gmb-2021-334449,28-09-2021,
gmb-2021-333578,28-09-2021,"Da Costakade 140E, Amsterdam, Netherlands"
gmb-2021-334430,28-09-2021,
gmb-2021-334253,28-09-2021,
gmb-2021-334234,28-09-2021,
gmb-2021-334247,28-09-2021,
gmb-2021-334228,28-09-2021,
gmb-2021-333642,28-09-2021,"Borgerstraat 9C, Amsterdam, Netherlands"
gmb-2021-334241,28-09-2021,
gmb-2021-331363,27-09-2021,"De Wittenkade 6B, Amsterdam, Netherlands"
gmb-2021-331230,27-09-2021,"Wijttenbachstraat 11D, Amsterdam, Netherlands"
gmb-2021-331313,27-09-2021,"Pieter Calandlaan 193, Amsterdam, Netherlands"
gmb-2021-331326,27-09-2021,"Formosastraat 23, Amsterdam, Netherlands"
gmb-2021-331239,27-09-2021,"Jacob van Lennepkade 550, Amsterdam, Netherlands"
gmb-2021-331398,27-09-2021,"Singel 95D, Amsterdam, Netherlands"
gmb-2021-331292,27-09-2021,"Weesperzijde 28C, Amsterdam, Netherlands"
gmb-2021-329737,24-09-2021,"Eerste Helmersstraat 275-H, Amsterdam, Netherlands"
gmb-2021-329738,24-09-2021,"Schaepmanstraat 3-2, Amsterdam, Netherlands"
gmb-2021-327611,23-09-2021,"Silvoldestraat 6, Amsterdam, Netherlands"
gmb-2021-327624,23-09-2021,"Johan van Hasseltkade 247, Amsterdam, Netherlands"
gmb-2021-327625,23-09-2021,"Landsmeerderdijk 48, Amsterdam, Netherlands"
gmb-2021-327569,23-09-2021,"Klaprozenweg 100, Amsterdam, Netherlands"
gmb-2021-327609,23-09-2021,"Geerdinkhof 182, Amsterdam, Netherlands"
gmb-2021-321065,20-09-2021,"Grianestraat 7D, Amsterdam, Netherlands"
gmb-2021-321051,20-09-2021,"Ben Viljoenstraat 53, Amsterdam, Netherlands"
gmb-2021-304286,07-09-2021,"Wolbrantskerkweg 187A, Amsterdam, Netherlands"
gmb-2021-304590,07-09-2021,"Eerste Atjehstraat 21-1, Amsterdam, Netherlands"
gmb-2021-304571,07-09-2021,"Hofmeyrstraat 36-1, Amsterdam, Netherlands"
gmb-2021-304248,07-09-2021,"Tweede Wittenburgerdwarsstraat 68, Amsterdam, Netherlands"
gmb-2021-304330,07-09-2021,"Ribesstraat 22, Amsterdam, Netherlands"
gmb-2021-304311,07-09-2021,"Prinsengracht 14N, Amsterdam, Netherlands"
gmb-2021-304533,07-09-2021,"Zoutkeetsgracht 370, Amsterdam, Netherlands"
gmb-2021-304299,07-09-2021,"Lijnbaansgracht 150A, Amsterdam, Netherlands"
gmb-2021-304381,07-09-2021,"Wilhelminastraat 77-3, Amsterdam, Netherlands"
gmb-2021-304565,07-09-2021,"Prinsengracht 14N, Amsterdam, Netherlands"
gmb-2021-306149,07-09-2021,"Spaarndammerstraat 18D, Amsterdam, Netherlands"
gmb-2021-304546,07-09-2021,"Hugo de Grootkade 84W, Amsterdam, Netherlands"
gmb-2021-304305,07-09-2021,"Nigellestraat 53, Amsterdam, Netherlands"
gmb-2021-304508,07-09-2021,"Amstel 53G, Amsterdam, Netherlands"
gmb-2021-304578,07-09-2021,"Poeldijkstraat 345, Amsterdam, Netherlands"
gmb-2021-304559,07-09-2021,"Crynssenstraat 5-3, Amsterdam, Netherlands"
gmb-2021-304400,07-09-2021,"Carolina MacGillavrylaan 599, Amsterdam, Netherlands"
gmb-2021-304451,07-09-2021,"Noordermarkt 6-2, Amsterdam, Netherlands"
gmb-2021-304413,07-09-2021,"Hogeweg 33-3, Amsterdam, Netherlands"
gmb-2021-304261,07-09-2021,"Wibautstraat 136-2, Amsterdam, Netherlands"
gmb-2021-304483,07-09-2021,"G.J.M. Sarlemijnstraat 6, Amsterdam, Netherlands"
gmb-2021-304407,07-09-2021,"Transvaalstraat 39-3, Amsterdam, Netherlands"
gmb-2021-304293,07-09-2021,"Nieuwe Prinsengracht 86G, Amsterdam, Netherlands"
gmb-2021-304477,07-09-2021,"Rhijnvis Feithstraat 44-2, Amsterdam, Netherlands"
gmb-2021-304439,07-09-2021,"Nieuwe Prinsengracht 80-H, Amsterdam, Netherlands"
gmb-2021-304521,07-09-2021,"Westerdok 1, Amsterdam, Netherlands"
gmb-2021-304502,07-09-2021,"Eerste Jan van der Heijdenstraat 116-H, Amsterdam, Netherlands"
gmb-2021-304287,07-09-2021,"Senecastraat 13, Amsterdam, Netherlands"
gmb-2021-304591,07-09-2021,"Crynssenstraat 68-2, Amsterdam, Netherlands"
gmb-2021-304572,07-09-2021,"Oude Waal 37-3, Amsterdam, Netherlands"
gmb-2021-304312,07-09-2021,"Eerste Helmersstraat 319-3, Amsterdam, Netherlands"
gmb-2021-304566,07-09-2021,"Wilhelminastraat 42-4, Amsterdam, Netherlands"
gmb-2021-304547,07-09-2021,"Prinsengracht 14N, Amsterdam, Netherlands"
gmb-2021-304509,07-09-2021,"Jacob van Lennepkade 320-4, Amsterdam, Netherlands"
gmb-2021-304376,07-09-2021,"Scheldestraat 41-1, Amsterdam, Netherlands"
gmb-2021-304357,07-09-2021,"Prinsengracht 1031E, Amsterdam, Netherlands"
gmb-2021-304579,07-09-2021,"Dirk van Hasseltssteeg 48, Amsterdam, Netherlands"
gmb-2021-304338,07-09-2021,"Vrolikstraat 54-H, Amsterdam, Netherlands"
gmb-2021-304420,07-09-2021,"Tilanusstraat 344, Amsterdam, Netherlands"
gmb-2021-304490,07-09-2021,"Van Hilligaertstraat 214, Amsterdam, Netherlands"
gmb-2021-304389,07-09-2021,"Rijnstraat 244-2, Amsterdam, Netherlands"
gmb-2021-304471,07-09-2021,"Amstel 51B, Amsterdam, Netherlands"
gmb-2021-304452,07-09-2021,"Spaarndammerstraat 31-H, Amsterdam, Netherlands"
gmb-2021-304433,07-09-2021,"Langswater 332, Amsterdam, Netherlands"
gmb-2021-304281,07-09-2021,"Amsteldijk 728A, Amsterdam, Netherlands"
gmb-2021-304484,07-09-2021,"Maldenhof 477, Amsterdam, Netherlands"
gmb-2021-304465,07-09-2021,"Sarphatipark 96-H, Amsterdam, Netherlands"
gmb-2021-304446,07-09-2021,"Tugelaweg 40F, Amsterdam, Netherlands"
gmb-2021-304408,07-09-2021,"Ruyschstraat 46-H, Amsterdam, Netherlands"
gmb-2021-304294,07-09-2021,"Cruquiuskade 103, Amsterdam, Netherlands"
gmb-2021-304256,07-09-2021,"Grensstraat 2-H, Amsterdam, Netherlands"
gmb-2021-304478,07-09-2021,"Spinaker 215, Amsterdam, Netherlands"
gmb-2021-304560,07-09-2021,"Plantage Kerklaan 1-1, Amsterdam, Netherlands"
gmb-2021-304573,07-09-2021,"Tweede Anjeliersdwarsstraat 12B, Amsterdam, Netherlands"
gmb-2021-304535,07-09-2021,"Jasmijnstraat 40A, Amsterdam, Netherlands"
gmb-2021-304516,07-09-2021,"Palmgracht 81, Amsterdam, Netherlands"
gmb-2021-304345,07-09-2021,"Pieter Jacobszstraat 8F, Amsterdam, Netherlands"
gmb-2021-304567,07-09-2021,"Lampenistenstraat 107, Amsterdam, Netherlands"
gmb-2021-304326,07-09-2021,"Platenwagenweg 15, Amsterdam, Netherlands"
gmb-2021-304377,07-09-2021,"Overtoom 503-1, Amsterdam, Netherlands"
gmb-2021-304440,07-09-2021,"Makassarstraat 128E, Amsterdam, Netherlands"
gmb-2021-304491,07-09-2021,"Curaçaostraat 50-2, Amsterdam, Netherlands"
gmb-2021-304472,07-09-2021,"Amsteldijk 724A, Amsterdam, Netherlands"
gmb-2021-304453,07-09-2021,"Spui 1L, Amsterdam, Netherlands"
gmb-2021-304415,07-09-2021,"Rooseveltlaan 198-3, Amsterdam, Netherlands"
gmb-2021-304466,07-09-2021,"Olof Palmeplein 98, Amsterdam, Netherlands"
gmb-2021-304428,07-09-2021,"Putterstraat 25, Amsterdam, Netherlands"
gmb-2021-304510,07-09-2021,"Timorplein 14-1, Amsterdam, Netherlands"
gmb-2021-304580,07-09-2021,"Derde Leliedwarsstraat 14, Amsterdam, Netherlands"
gmb-2021-304257,07-09-2021,"Ruyschstraat 311, Amsterdam, Netherlands"
gmb-2021-304561,07-09-2021,"Nassaukade 3-H, Amsterdam, Netherlands"
gmb-2021-304320,07-09-2021,"Korte Leidsedwarsstraat 187-2, Amsterdam, Netherlands"
gmb-2021-304301,07-09-2021,"Lutmastraat 9-3, Amsterdam, Netherlands"
gmb-2021-304504,07-09-2021,"Hugo de Grootplein 3-1, Amsterdam, Netherlands"
gmb-2021-304289,07-09-2021,"Blancefloorstraat 4-3, Amsterdam, Netherlands"
gmb-2021-304352,07-09-2021,"Bentinckstraat 16-2, Amsterdam, Netherlands"
gmb-2021-304574,07-09-2021,"Admiraal De Ruijterweg 120-H, Amsterdam, Netherlands"
gmb-2021-304555,07-09-2021,"Tweede Hugo de Grootstraat 11-2, Amsterdam, Netherlands"
gmb-2021-304314,07-09-2021,"Jacob van Lennepkade 418-3, Amsterdam, Netherlands"
gmb-2021-304517,07-09-2021,"Herengracht 158F, Amsterdam, Netherlands"
gmb-2021-304568,07-09-2021,"Daniël Stalpertstraat 63-H, Amsterdam, Netherlands"
gmb-2021-304327,07-09-2021,"Bonairestraat 50-1, Amsterdam, Netherlands"
gmb-2021-304397,07-09-2021,"Borgerstraat 258-2, Amsterdam, Netherlands"
gmb-2021-304378,07-09-2021,"Derde Helmersstraat 86-H, Amsterdam, Netherlands"
gmb-2021-304422,07-09-2021,"Waterkersweg 224, Amsterdam, Netherlands"
gmb-2021-306228,07-09-2021,"Oudezijds Achterburgwal 188 1, Amsterdam, Netherlands"
gmb-2021-304270,07-09-2021,"Visseringstraat 25-3, Amsterdam, Netherlands"
gmb-2021-304492,07-09-2021,"Wilhelminastraat 196-3, Amsterdam, Netherlands"
gmb-2021-304251,07-09-2021,"Griseldestraat 25-1, Amsterdam, Netherlands"
gmb-2021-304473,07-09-2021,"Zakslootje 8, Amsterdam, Netherlands"
gmb-2021-304435,07-09-2021,"Magalhaensplein 14-H, Amsterdam, Netherlands"
gmb-2021-304283,07-09-2021,"Koggestraat 18, Amsterdam, Netherlands"
gmb-2021-304264,07-09-2021,"Vätternkade 100, Amsterdam, Netherlands"
gmb-2021-304486,07-09-2021,"Marnixkade 65F, Amsterdam, Netherlands"
gmb-2021-304467,07-09-2021,"Weesperzijde 29-3, Amsterdam, Netherlands"
gmb-2021-306114,07-09-2021,"Govert Flinckstraat 249-2V, Amsterdam, Netherlands"
gmb-2021-304499,07-09-2021,"Vespuccistraat 114-1, Amsterdam, Netherlands"
gmb-2021-304543,07-09-2021,"Theophilusstraat 8-2, Amsterdam, Netherlands"
gmb-2021-304391,07-09-2021,"Griseldestraat 25-1, Amsterdam, Netherlands"
gmb-2021-304372,07-09-2021,"Herculesstraat 54A, Amsterdam, Netherlands"
gmb-2021-304353,07-09-2021,"Hogeweg 33-3, Amsterdam, Netherlands"
gmb-2021-304575,07-09-2021,"Plantage Kerklaan 1-1, Amsterdam, Netherlands"
gmb-2021-306159,07-09-2021,"Distelvoorstraat 34, Amsterdam, Netherlands"
gmb-2021-304334,07-09-2021,"Prinsengracht 586-H, Amsterdam, Netherlands"
gmb-2021-304556,07-09-2021,"Gibraltarstraat 65-4, Amsterdam, Netherlands"
gmb-2021-304518,07-09-2021,"Zakslootje 8, Amsterdam, Netherlands"
gmb-2021-304385,07-09-2021,"Nieuwezijds Voorburgwal 290-1, Amsterdam, Netherlands"
gmb-2021-304366,07-09-2021,"Zuiderakerweg 86, Amsterdam, Netherlands"
gmb-2021-304347,07-09-2021,"Hermanus Coenradistraat 24-1, Amsterdam, Netherlands"
gmb-2021-304398,07-09-2021,"Vredenhofpad 15, Amsterdam, Netherlands"
gmb-2021-304379,07-09-2021,"Jan Evertsenstraat 149-3, Amsterdam, Netherlands"
gmb-2021-304423,07-09-2021,"Bilderdijkstraat 175-3A, Amsterdam, Netherlands"
gmb-2021-304290,07-09-2021,"Weesperzijde 2B, Amsterdam, Netherlands"
gmb-2021-304474,07-09-2021,"Gibraltarstraat 70-1, Amsterdam, Netherlands"
gmb-2021-304436,07-09-2021,"Buiksloterdijk 248, Amsterdam, Netherlands"
gmb-2021-304417,07-09-2021,"Govert Flinckstraat 223-H, Amsterdam, Netherlands"
gmb-2021-304284,07-09-2021,"Hasebroekstraat 21-3, Amsterdam, Netherlands"
gmb-2021-304487,07-09-2021,"Slatuinenweg 11, Amsterdam, Netherlands"
gmb-2021-304468,07-09-2021,"Kortenaerstraat 33-1, Amsterdam, Netherlands"
gmb-2021-304550,07-09-2021,"Makassarstraat 56A, Amsterdam, Netherlands"
gmb-2021-304512,07-09-2021,"Admiraal De Ruijterweg 31-H, Amsterdam, Netherlands"
gmb-2021-304297,07-09-2021,"Brouwersgracht 298, Amsterdam, Netherlands"
gmb-2021-304278,07-09-2021,"Bloys van Treslongstraat 40-H, Amsterdam, Netherlands"
gmb-2021-304360,07-09-2021,"Ruysdaelkade 257C, Amsterdam, Netherlands"
gmb-2021-304322,07-09-2021,"Jacob van Lennepkade 52-2, Amsterdam, Netherlands"
gmb-2021-304303,07-09-2021,"Herengracht 158F, Amsterdam, Netherlands"
gmb-2021-304392,07-09-2021,"Prinsengracht 14N, Amsterdam, Netherlands"
gmb-2021-304576,07-09-2021,"Trouringhstraat 32-2, Amsterdam, Netherlands"
gmb-2021-304316,07-09-2021,"Kruislaan 202-1, Amsterdam, Netherlands"
gmb-2021-304538,07-09-2021,"Eerste Goudsbloemdwarsstraat 14A-1, Amsterdam, Netherlands"
gmb-2021-304519,07-09-2021,"Louise de Colignystraat 34-1, Amsterdam, Netherlands"
gmb-2021-304386,07-09-2021,"Grensstraat 2-H, Amsterdam, Netherlands"
gmb-2021-304367,07-09-2021,"Bickersgracht 16, Amsterdam, Netherlands"
gmb-2021-304430,07-09-2021,"Weesperzijde 301, Amsterdam, Netherlands"
gmb-2021-304399,07-09-2021,"Pieter Baststraat 18B, Amsterdam, Netherlands"
gmb-2021-304462,07-09-2021,"Nepveustraat 39-3, Amsterdam, Netherlands"
gmb-2021-304405,07-09-2021,"Westerstraat 264-3, Amsterdam, Netherlands"
gmb-2021-304272,07-09-2021,"Schippersstraat 10B, Amsterdam, Netherlands"
gmb-2021-304253,07-09-2021,"Bilderdijkstraat 56D, Amsterdam, Netherlands"
gmb-2021-304456,07-09-2021,"Vogelenzangstraat 19-2, Amsterdam, Netherlands"
gmb-2021-304418,07-09-2021,"G.J.M. Sarlemijnstraat 26, Amsterdam, Netherlands"
gmb-2021-304500,07-09-2021,"Balboastraat 52-2, Amsterdam, Netherlands"
gmb-2021-304285,07-09-2021,"Prinsengracht 586-H, Amsterdam, Netherlands"
gmb-2021-304266,07-09-2021,"Utrechtsedwarsstraat 129B, Amsterdam, Netherlands"
gmb-2021-304488,07-09-2021,"Filips van Almondestraat 29-1, Amsterdam, Netherlands"
gmb-2021-304247,07-09-2021,"Derde Leliedwarsstraat 14, Amsterdam, Netherlands"
gmb-2021-304310,07-09-2021,"Jan Haringstraat 38-3, Amsterdam, Netherlands"
gmb-2021-304513,07-09-2021,"Sumatraplantsoen 9B, Amsterdam, Netherlands"
gmb-2021-304298,07-09-2021,"Hasebroekstraat 41-H, Amsterdam, Netherlands"
gmb-2021-304380,07-09-2021,"Admiraal De Ruijterweg 94-1, Amsterdam, Netherlands"
gmb-2021-304342,07-09-2021,"Spinaker 215, Amsterdam, Netherlands"
gmb-2021-304323,07-09-2021,"Eerste Oosterparkstraat 168C, Amsterdam, Netherlands"
gmb-2021-304545,07-09-2021,"Wilhelminastraat 106-4, Amsterdam, Netherlands"
gmb-2021-304304,07-09-2021,"Prinsengracht 586-H, Amsterdam, Netherlands"
gmb-2021-304526,07-09-2021,"De Wittenkade 47-H, Amsterdam, Netherlands"
gmb-2021-304507,07-09-2021,"Leerdamhof 450, Amsterdam, Netherlands"
gmb-2021-304393,07-09-2021,"Marnixstraat 233-1R, Amsterdam, Netherlands"
gmb-2021-304355,07-09-2021,"Weesperzijde 2B, Amsterdam, Netherlands"
gmb-2021-304336,07-09-2021,"Nieuwe Herengracht 113C, Amsterdam, Netherlands"
gmb-2021-304317,07-09-2021,"Lootsstraat 16-2, Amsterdam, Netherlands"
gmb-2021-304387,07-09-2021,"Jan Hanzenstraat 78D, Amsterdam, Netherlands"
gmb-2021-304368,07-09-2021,"Javastraat 58-3, Amsterdam, Netherlands"
gmb-2021-304349,07-09-2021,"Alblasstraat 55-1, Amsterdam, Netherlands"
gmb-2021-304260,07-09-2021,"Timorstraat 5B, Amsterdam, Netherlands"
gmb-2021-304482,07-09-2021,"Robert Scottplein 1, Amsterdam, Netherlands"
gmb-2021-304406,07-09-2021,"Reinwardtstraat 65C, Amsterdam, Netherlands"
gmb-2021-304254,07-09-2021,"Hildo Kropplein 116, Amsterdam, Netherlands"
gmb-2021-304457,07-09-2021,"Nicolaas Beetsstraat 124-H, Amsterdam, Netherlands"
gmb-2021-304419,07-09-2021,"Sluisstraat 26-H, Amsterdam, Netherlands"
gmb-2021-302157,06-09-2021,"De Genestetstraat 3-3, Amsterdam, Netherlands"
gmb-2021-302379,06-09-2021,"Noordermarkt 26C, Amsterdam, Netherlands"
gmb-2021-301780,06-09-2021,"Van Beuningenstraat 26C, Amsterdam, Netherlands"
gmb-2021-302461,06-09-2021,"Ertskade 356, Amsterdam, Netherlands"
gmb-2021-301679,06-09-2021,"Melkdistelstraat 7, Amsterdam, Netherlands"
gmb-2021-301761,06-09-2021,"Tweede Anjeliersdwarsstraat 12B, Amsterdam, Netherlands"
gmb-2021-302220,06-09-2021,"Bloys van Treslongstraat 40-3, Amsterdam, Netherlands"
gmb-2021-302442,06-09-2021,"Pieter de Hoochstraat 65, Amsterdam, Netherlands"
gmb-2021-302119,06-09-2021,"Haarlemmerstraat 56B, Amsterdam, Netherlands"
gmb-2021-301964,06-09-2021,"Bos en Lommerweg 339-3, Amsterdam, Netherlands"
gmb-2021-302201,06-09-2021,"Da Costastraat 135-2R, Amsterdam, Netherlands"
gmb-2021-302423,06-09-2021,"Lijnbaansgracht 348-3, Amsterdam, Netherlands"
gmb-2021-301723,06-09-2021,"Amstel 51B, Amsterdam, Netherlands"
gmb-2021-301945,06-09-2021,"Marcantilaan 374, Amsterdam, Netherlands"
gmb-2021-302404,06-09-2021,"Achillesstraat 73-2, Amsterdam, Netherlands"
gmb-2021-301704,06-09-2021,"Paramariboplein 34-1, Amsterdam, Netherlands"
gmb-2021-302189,06-09-2021,"Monnikskapstraat 54, Amsterdam, Netherlands"
gmb-2021-301926,06-09-2021,"Dijkmanpad 3, Amsterdam, Netherlands"
gmb-2021-302271,06-09-2021,"Silodam 133, Amsterdam, Netherlands"
gmb-2021-301907,06-09-2021,"Buiksloterdijk 248, Amsterdam, Netherlands"
gmb-2021-301793,06-09-2021,"Van Bossestraat 28-3, Amsterdam, Netherlands"
gmb-2021-302252,06-09-2021,"Nieuwe Teertuinen 37, Amsterdam, Netherlands"
gmb-2021-302474,06-09-2021,"Singel 136D, Amsterdam, Netherlands"
gmb-2021-301774,06-09-2021,"Witte de Withstraat 133-H, Amsterdam, Netherlands"
gmb-2021-302011,06-09-2021,"Eerste Boerhaavestraat 13D, Amsterdam, Netherlands"
gmb-2021-301996,06-09-2021,"Semarangstraat 24A, Amsterdam, Netherlands"
gmb-2021-302233,06-09-2021,"Wilhelminastraat 102-1, Amsterdam, Netherlands"
gmb-2021-302455,06-09-2021,"Prinsengracht 491D, Amsterdam, Netherlands"
gmb-2021-301755,06-09-2021,"Gerard Doustraat 147F, Amsterdam, Netherlands"
gmb-2021-301977,06-09-2021,"Elisabeth Wolffstraat 45-H, Amsterdam, Netherlands"
gmb-2021-302214,06-09-2021,"Egelantiersgracht 58, Amsterdam, Netherlands"
gmb-2021-302436,06-09-2021,"Palmstraat 26-3, Amsterdam, Netherlands"
gmb-2021-301736,06-09-2021,"De Kempenaerstraat 64-3, Amsterdam, Netherlands"
gmb-2021-301958,06-09-2021,"Vrolikstraat 257A, Amsterdam, Netherlands"
gmb-2021-302417,06-09-2021,"Groen van Prinstererstraat 104-3, Amsterdam, Netherlands"
gmb-2021-301939,06-09-2021,"Burgemeester Eliasstraat 63, Amsterdam, Netherlands"
gmb-2021-302062,06-09-2021,"Herengracht 256E, Amsterdam, Netherlands"
gmb-2021-302043,06-09-2021,"Oude Spiegelstraat 6C, Amsterdam, Netherlands"
gmb-2021-301787,06-09-2021,"Oosterpark 85-3, Amsterdam, Netherlands"
gmb-2021-302024,06-09-2021,"Herschelstraat 11-H, Amsterdam, Netherlands"
gmb-2021-302246,06-09-2021,"Daan Roodenburghplein 36, Amsterdam, Netherlands"
gmb-2021-302468,06-09-2021,"Beursstraat 25E, Amsterdam, Netherlands"
gmb-2021-301768,06-09-2021,"Prinsengracht 280K, Amsterdam, Netherlands"
gmb-2021-302227,06-09-2021,"Oostenburgerpark 114, Amsterdam, Netherlands"
gmb-2021-302449,06-09-2021,"Brouwersgracht 80C, Amsterdam, Netherlands"
gmb-2021-301850,06-09-2021,"Rochussenstraat 7-3, Amsterdam, Netherlands"
gmb-2021-301749,06-09-2021,"Maassluisstraat 176, Amsterdam, Netherlands"
gmb-2021-302094,06-09-2021,"Palmgracht 66C, Amsterdam, Netherlands"
gmb-2021-302075,06-09-2021,"Semarangstraat 34A, Amsterdam, Netherlands"
gmb-2021-302297,06-09-2021,"Hoofdweg 312-H, Amsterdam, Netherlands"
gmb-2021-302056,06-09-2021,"Frederiksstraat 11-H, Amsterdam, Netherlands"
gmb-2021-302278,06-09-2021,"Tweede Helmersstraat 22-4, Amsterdam, Netherlands"
gmb-2021-302360,06-09-2021,"Klinkerweg 62, Amsterdam, Netherlands"
gmb-2021-302037,06-09-2021,"Boerhaaveplein 2-1, Amsterdam, Netherlands"
gmb-2021-302259,06-09-2021,"Marcantilaan 52, Amsterdam, Netherlands"
gmb-2021-302341,06-09-2021,"Erich Salomonstraat 541, Amsterdam, Netherlands"
gmb-2021-302018,06-09-2021,"Rietlandpark 95, Amsterdam, Netherlands"
gmb-2021-301863,06-09-2021,"Johan van Hasseltkade 213B, Amsterdam, Netherlands"
gmb-2021-302100,06-09-2021,"Graaf Florisstraat 16-H, Amsterdam, Netherlands"
gmb-2021-302322,06-09-2021,"Faradaystraat 7-H, Amsterdam, Netherlands"
gmb-2021-301844,06-09-2021,"Windjammerdijk 98, Amsterdam, Netherlands"
gmb-2021-302303,06-09-2021,"Zocherstraat 19-H, Amsterdam, Netherlands"
gmb-2021-302088,06-09-2021,"Elisabeth Wolffstraat 75-1, Amsterdam, Netherlands"
gmb-2021-301825,06-09-2021,"Eerste Keucheniusstraat 18-1, Amsterdam, Netherlands"
gmb-2021-302170,06-09-2021,"Verleunstraat 18, Amsterdam, Netherlands"
gmb-2021-301806,06-09-2021,"Weteringstraat 24-O, Amsterdam, Netherlands"
gmb-2021-301692,06-09-2021,"Esmoreitstraat 15-1, Amsterdam, Netherlands"
gmb-2021-301673,06-09-2021,"Gibraltarstraat 81, Amsterdam, Netherlands"
gmb-2021-301895,06-09-2021,"Staringstraat 11H, Amsterdam, Netherlands"
gmb-2021-301654,06-09-2021,"Rapenburgerstraat 171A, Amsterdam, Netherlands"
gmb-2021-301876,06-09-2021,"Vrolikstraat 272-3, Amsterdam, Netherlands"
gmb-2021-302113,06-09-2021,"Bestevâerstraat 250, Amsterdam, Netherlands"
gmb-2021-301857,06-09-2021,"Nieuwendammerdijk 197, Amsterdam, Netherlands"
gmb-2021-302316,06-09-2021,"Da Costastraat 43-2, Amsterdam, Netherlands"
gmb-2021-302183,06-09-2021,"Commelinstraat 8-2, Amsterdam, Netherlands"
gmb-2021-301920,06-09-2021,"Kanaalstraat 123-H, Amsterdam, Netherlands"
gmb-2021-302164,06-09-2021,"Vinkenstraat 200, Amsterdam, Netherlands"
gmb-2021-302386,06-09-2021,"Bos en Lommerweg 7-H, Amsterdam, Netherlands"
gmb-2021-301686,06-09-2021,"Kortenaerstraat 33-1, Amsterdam, Netherlands"
gmb-2021-302145,06-09-2021,"Chasséstraat 52-3, Amsterdam, Netherlands"
gmb-2021-302367,06-09-2021,"Johannes van der Waalsstraat 32-1, Amsterdam, Netherlands"
gmb-2021-301990,06-09-2021,"Vrolikstraat 56-H, Amsterdam, Netherlands"
gmb-2021-301667,06-09-2021,"Thorn Prikkerstraat 107, Amsterdam, Netherlands"
gmb-2021-301889,06-09-2021,"Nova Zemblastraat 495C, Amsterdam, Netherlands"
gmb-2021-302126,06-09-2021,"Zeeburgerdijk 37-2, Amsterdam, Netherlands"
gmb-2021-302348,06-09-2021,"Van der Pekstraat 34B, Amsterdam, Netherlands"
gmb-2021-301971,06-09-2021,"Kinkerstraat 264-2, Amsterdam, Netherlands"
gmb-2021-302430,06-09-2021,"Van Bossestraat 36-2, Amsterdam, Netherlands"
gmb-2021-302107,06-09-2021,"Johan van Hasseltkade 245, Amsterdam, Netherlands"
gmb-2021-302329,06-09-2021,"Filips van Almondestraat 18C, Amsterdam, Netherlands"
gmb-2021-301952,06-09-2021,"Graanstraat 66, Amsterdam, Netherlands"
gmb-2021-302411,06-09-2021,"Kleine Wittenburgerstraat 46, Amsterdam, Netherlands"
gmb-2021-302196,06-09-2021,"Van Noordtkade 116, Amsterdam, Netherlands"
gmb-2021-301933,06-09-2021,"Verbindingsdam 7, Amsterdam, Netherlands"
gmb-2021-302399,06-09-2021,"Marnixstraat 233-1R, Amsterdam, Netherlands"
gmb-2021-302481,06-09-2021,"Oostelijke Handelskade 565, Amsterdam, Netherlands"
gmb-2021-301699,06-09-2021,"Baarsjesweg 261-1, Amsterdam, Netherlands"
gmb-2021-301781,06-09-2021,"Johan van Hasseltkade 223, Amsterdam, Netherlands"
gmb-2021-301762,06-09-2021,"Bestevâerstraat 166-2, Amsterdam, Netherlands"
gmb-2021-301984,06-09-2021,"Talbotstraat 227, Amsterdam, Netherlands"
gmb-2021-302221,06-09-2021,"Nieuwe Teertuinen 12D, Amsterdam, Netherlands"
gmb-2021-302443,06-09-2021,"Eeuwige Jeugdlaan 10, Amsterdam, Netherlands"
gmb-2021-301743,06-09-2021,"Eerste Constantijn Huygensstraat 19-H, Amsterdam, Netherlands"
gmb-2021-302424,06-09-2021,"Loenermark 272, Amsterdam, Netherlands"
gmb-2021-301724,06-09-2021,"Javastraat 112-3, Amsterdam, Netherlands"
gmb-2021-301946,06-09-2021,"Wagenaarstraat 16-3, Amsterdam, Netherlands"
gmb-2021-302291,06-09-2021,"Westerstraat 264-3, Amsterdam, Netherlands"
gmb-2021-301927,06-09-2021,"Ruyschstraat 84-O, Amsterdam, Netherlands"
gmb-2021-302050,06-09-2021,"J.P. Kloosstraat 25, Amsterdam, Netherlands"
gmb-2021-301908,06-09-2021,"Marnixstraat 343, Amsterdam, Netherlands"
gmb-2021-301794,06-09-2021,"Th. J. Lammerslaan 18, Amsterdam, Netherlands"
gmb-2021-302253,06-09-2021,"Kaneelappelstraat 110, Amsterdam, Netherlands"
gmb-2021-302475,06-09-2021,"Begoniastraat 19A, Amsterdam, Netherlands"
gmb-2021-302012,06-09-2021,"Haarlemmerweg 207-H, Amsterdam, Netherlands"
gmb-2021-301997,06-09-2021,"Jacob van Lennepkade 314D, Amsterdam, Netherlands"
gmb-2021-302456,06-09-2021,"Willem Augustinstraat 184, Amsterdam, Netherlands"
gmb-2021-301756,06-09-2021,"Slaakstraat 10-3, Amsterdam, Netherlands"
gmb-2021-301978,06-09-2021,"Transvaalkade 132-1, Amsterdam, Netherlands"
gmb-2021-302215,06-09-2021,"Roerstraat 87, Amsterdam, Netherlands"
gmb-2021-302437,06-09-2021,"Azaleastraat 27, Amsterdam, Netherlands"
gmb-2021-301737,06-09-2021,"Korte Leidsedwarsstraat 187-3, Amsterdam, Netherlands"
gmb-2021-301959,06-09-2021,"Wakkerstraat 5-H, Amsterdam, Netherlands"
gmb-2021-302418,06-09-2021,"Appelweg 28, Amsterdam, Netherlands"
gmb-2021-302082,06-09-2021,"Sumatrastraat 119D, Amsterdam, Netherlands"
gmb-2021-301718,06-09-2021,"Derde Helmersstraat 90-H, Amsterdam, Netherlands"
gmb-2021-302063,06-09-2021,"Prinsengracht 16C, Amsterdam, Netherlands"
gmb-2021-301800,06-09-2021,"Da Costakade 175-4, Amsterdam, Netherlands"
gmb-2021-302285,06-09-2021,"Valutaboulevard 47, Amsterdam, Netherlands"
gmb-2021-302266,06-09-2021,"Van Ostadestraat 27-2, Amsterdam, Netherlands"
gmb-2021-302488,06-09-2021,"Sanderijnstraat 9-H, Amsterdam, Netherlands"
gmb-2021-301788,06-09-2021,"Wakkerstraat 3-2, Amsterdam, Netherlands"
gmb-2021-302025,06-09-2021,"Zwanebloemlaan 310, Amsterdam, Netherlands"
gmb-2021-302247,06-09-2021,"Visseringstraat 1-2, Amsterdam, Netherlands"
gmb-2021-302469,06-09-2021,"Welnastraat 331, Amsterdam, Netherlands"
gmb-2021-301870,06-09-2021,"Wilhelminastraat 28-3, Amsterdam, Netherlands"
gmb-2021-301769,06-09-2021,"Joubertstraat 19-H, Amsterdam, Netherlands"
gmb-2021-302006,06-09-2021,"Akbarstraat 12D, Amsterdam, Netherlands"
gmb-2021-302228,06-09-2021,"De Wittenkade 27-2, Amsterdam, Netherlands"
gmb-2021-301851,06-09-2021,"Tweede Wittenburgerdwarsstraat 142, Amsterdam, Netherlands"
gmb-2021-302310,06-09-2021,"Van Spilbergenstraat 63-1, Amsterdam, Netherlands"
gmb-2021-302209,06-09-2021,"Tweede Oosterparkstraat 142, Amsterdam, Netherlands"
gmb-2021-302095,06-09-2021,"Derde Oosterparkstraat 117B, Amsterdam, Netherlands"
gmb-2021-301832,06-09-2021,"Realengracht 2-3, Amsterdam, Netherlands"
gmb-2021-301813,06-09-2021,"Spui 8A, Amsterdam, Netherlands"
gmb-2021-302380,06-09-2021,"Pieter Aertszstraat 91-3, Amsterdam, Netherlands"
gmb-2021-302057,06-09-2021,"Tweede Helmersstraat 39-1, Amsterdam, Netherlands"
gmb-2021-301680,06-09-2021,"Vinkenstraat 105-1, Amsterdam, Netherlands"
gmb-2021-302361,06-09-2021,"Esmoreitstraat 44-2, Amsterdam, Netherlands"
gmb-2021-302038,06-09-2021,"Finsenstraat 21-1, Amsterdam, Netherlands"
gmb-2021-301661,06-09-2021,"Trouringhstraat 34-3, Amsterdam, Netherlands"
gmb-2021-301883,06-09-2021,"Kuipersstraat 50-2, Amsterdam, Netherlands"
gmb-2021-302120,06-09-2021,"Van Baerlestraat 35-1, Amsterdam, Netherlands"
gmb-2021-302342,06-09-2021,"Granidastraat 42-2, Amsterdam, Netherlands"
gmb-2021-302019,06-09-2021,"Rustenburgerstraat 334-3, Amsterdam, Netherlands"
gmb-2021-301864,06-09-2021,"Overtoom 440-1, Amsterdam, Netherlands"
gmb-2021-302101,06-09-2021,"Boniplein 34, Amsterdam, Netherlands"
gmb-2021-302323,06-09-2021,"Ben Viljoenstraat 37, Amsterdam, Netherlands"
gmb-2021-301826,06-09-2021,"M.J.E. Lippitsstraat 5, Amsterdam, Netherlands"
gmb-2021-302171,06-09-2021,"Crynssenstraat 50-3, Amsterdam, Netherlands"
gmb-2021-302393,06-09-2021,"Rijnstraat 199-3, Amsterdam, Netherlands"
gmb-2021-301807,06-09-2021,"Hensbroekerstraat 22, Amsterdam, Netherlands"
gmb-2021-301693,06-09-2021,"Joos de Moorstraat 13-2, Amsterdam, Netherlands"
gmb-2021-302152,06-09-2021,"Olympiaplein 103-2, Amsterdam, Netherlands"
gmb-2021-301896,06-09-2021,"Oostelijke Handelskade 807, Amsterdam, Netherlands"
gmb-2021-302133,06-09-2021,"Van Ostadestraat 175-3, Amsterdam, Netherlands"
gmb-2021-301877,06-09-2021,"Van Limburg Stirumstraat 1A, Amsterdam, Netherlands"
gmb-2021-302114,06-09-2021,"Frederik Hendrikstraat 127-2, Amsterdam, Netherlands"
gmb-2021-302317,06-09-2021,"Nieuwezijds Voorburgwal 290-3, Amsterdam, Netherlands"
gmb-2021-301940,06-09-2021,"Insulindeweg 98B, Amsterdam, Netherlands"
gmb-2021-301839,06-09-2021,"G.J. Scheurleerweg 106, Amsterdam, Netherlands"
gmb-2021-302184,06-09-2021,"Hugo de Grootkade 52-2, Amsterdam, Netherlands"
gmb-2021-301921,06-09-2021,"Radioweg 14-H, Amsterdam, Netherlands"
gmb-2021-302387,06-09-2021,"Singel 54G, Amsterdam, Netherlands"
gmb-2021-301687,06-09-2021,"Schaarsbergenstraat 33, Amsterdam, Netherlands"
gmb-2021-302146,06-09-2021,"Toutenburgstraat 97, Amsterdam, Netherlands"
gmb-2021-302368,06-09-2021,"Cabralstraat 37-1, Amsterdam, Netherlands"
gmb-2021-301991,06-09-2021,"Amstelbeststraat 12B, Amsterdam, Netherlands"
gmb-2021-302450,06-09-2021,"U.J. Klarenstraat 41, Amsterdam, Netherlands"
gmb-2021-302127,06-09-2021,"Van Hogendorpstraat 141-H, Amsterdam, Netherlands"
gmb-2021-302349,06-09-2021,"Joop Gerritzestraat 19, Amsterdam, Netherlands"
gmb-2021-301750,06-09-2021,"Eerste Van Swindenstraat 82D, Amsterdam, Netherlands"
gmb-2021-301972,06-09-2021,"Bosboom Toussaintstraat 38-4V, Amsterdam, Netherlands"
gmb-2021-302431,06-09-2021,"Zoutkeetsgracht 366, Amsterdam, Netherlands"
gmb-2021-302108,06-09-2021,"Rapenburgerstraat 167G, Amsterdam, Netherlands"
gmb-2021-301731,06-09-2021,"Crynssenstraat 52-1, Amsterdam, Netherlands"
gmb-2021-301953,06-09-2021,"Javaplein 20D, Amsterdam, Netherlands"
gmb-2021-301712,06-09-2021,"Haarlemmerdijk 160, Amsterdam, Netherlands"
gmb-2021-302197,06-09-2021,"Bloemstraat 151D, Amsterdam, Netherlands"
gmb-2021-301934,06-09-2021,"Schoolmeesterstraat 88, Amsterdam, Netherlands"
gmb-2021-302178,06-09-2021,"Waldenlaan 203, Amsterdam, Netherlands"
gmb-2021-301915,06-09-2021,"Wenslauerstraat 69-2, Amsterdam, Netherlands"
gmb-2021-302482,06-09-2021,"Lauriergracht 97-H, Amsterdam, Netherlands"
gmb-2021-301782,06-09-2021,"Swammerdamstraat 8-2, Amsterdam, Netherlands"
gmb-2021-302463,06-09-2021,"Zeeburgerdijk 114C, Amsterdam, Netherlands"
gmb-2021-301763,06-09-2021,"Bloemgracht 55, Amsterdam, Netherlands"
gmb-2021-301985,06-09-2021,"Wethouder In 't Veldstraat 143, Amsterdam, Netherlands"
gmb-2021-302222,06-09-2021,"Haarlemmerstraat 56A, Amsterdam, Netherlands"
gmb-2021-302444,06-09-2021,"Woestduinstraat 109-2, Amsterdam, Netherlands"
gmb-2021-301744,06-09-2021,"Leeuwendalersweg 67, Amsterdam, Netherlands"
gmb-2021-301966,06-09-2021,"Schippersgracht 4-H, Amsterdam, Netherlands"
gmb-2021-302203,06-09-2021,"Dalsteindreef 312, Amsterdam, Netherlands"
gmb-2021-302425,06-09-2021,"Jacques Veltmanstraat 273, Amsterdam, Netherlands"
gmb-2021-301725,06-09-2021,"Lisdoddelaan 68, Amsterdam, Netherlands"
gmb-2021-301947,06-09-2021,"Stolwijkstraat 7-1, Amsterdam, Netherlands"
gmb-2021-302406,06-09-2021,"Vespuccistraat 70-2, Amsterdam, Netherlands"
gmb-2021-302070,06-09-2021,"Zijkanaal H-weg 31, Amsterdam, Netherlands"
gmb-2021-302292,06-09-2021,"Hemonystraat 68A, Amsterdam, Netherlands"
gmb-2021-301706,06-09-2021,"Eerste Jacob van Campenstraat 33-2, Amsterdam, Netherlands"
gmb-2021-301928,06-09-2021,"Paramaribostraat 76, Amsterdam, Netherlands"
gmb-2021-302051,06-09-2021,"Hugo de Grootkade 78W, Amsterdam, Netherlands"
gmb-2021-302273,06-09-2021,"Nicolaas Witsenkade 22G, Amsterdam, Netherlands"
gmb-2021-301909,06-09-2021,"Wijttenbachstraat 19A, Amsterdam, Netherlands"
gmb-2021-301795,06-09-2021,"De Genestetstraat 14-3, Amsterdam, Netherlands"
gmb-2021-302032,06-09-2021,"Marnixstraat 242D, Amsterdam, Netherlands"
gmb-2021-302254,06-09-2021,"Memeleiland 131, Amsterdam, Netherlands"
gmb-2021-302476,06-09-2021,"Derde Hugo de Grootstraat 31-H, Amsterdam, Netherlands"
gmb-2021-301776,06-09-2021,"Drostenburg 74B, Amsterdam, Netherlands"
gmb-2021-302013,06-09-2021,"Cornelis Drebbelstraat 18B, Amsterdam, Netherlands"
gmb-2021-301998,06-09-2021,"Jacob van Lennepkade 113-1, Amsterdam, Netherlands"
gmb-2021-302235,06-09-2021,"Bos en Lommerplantsoen 33K, Amsterdam, Netherlands"
gmb-2021-302457,06-09-2021,"Alblasstraat 55-1, Amsterdam, Netherlands"
gmb-2021-301757,06-09-2021,"Herengracht 158F, Amsterdam, Netherlands"
gmb-2021-302216,06-09-2021,"Gillis van Ledenberchstraat 97-H, Amsterdam, Netherlands"
gmb-2021-302438,06-09-2021,"Admiraal De Ruijterweg 31-H, Amsterdam, Netherlands"
gmb-2021-301738,06-09-2021,"Czaar Peterstraat 102E, Amsterdam, Netherlands"
gmb-2021-302419,06-09-2021,"Pieter A. van Heijningestraat 9, Amsterdam, Netherlands"
gmb-2021-302083,06-09-2021,"Urkstraat 36, Amsterdam, Netherlands"
gmb-2021-301719,06-09-2021,"Javastraat 136-3, Amsterdam, Netherlands"
gmb-2021-301801,06-09-2021,"Kastanjeweg 2-H, Amsterdam, Netherlands"
gmb-2021-302286,06-09-2021,"Schollenbrugpad 50, Amsterdam, Netherlands"
gmb-2021-302045,06-09-2021,"Van Hogendorpstraat 92-H, Amsterdam, Netherlands"
gmb-2021-301890,06-09-2021,"Borgerstraat 187-1, Amsterdam, Netherlands"
gmb-2021-301789,06-09-2021,"Zaanstraat 276, Amsterdam, Netherlands"
gmb-2021-302026,06-09-2021,"Haarlemmerweg 123B, Amsterdam, Netherlands"
gmb-2021-302248,06-09-2021,"Binnen Oranjestraat 4-1, Amsterdam, Netherlands"
gmb-2021-301871,06-09-2021,"Herengracht 4, Amsterdam, Netherlands"
gmb-2021-302007,06-09-2021,"Bestevâerstraat 195-H, Amsterdam, Netherlands"
gmb-2021-302229,06-09-2021,"Balboastraat 25-H, Amsterdam, Netherlands"
gmb-2021-301852,06-09-2021,"Buiksloterbreek 65, Amsterdam, Netherlands"
gmb-2021-302311,06-09-2021,"Joan Melchior Kemperstraat 69-1, Amsterdam, Netherlands"
gmb-2021-302096,06-09-2021,"Haarlemmerweg 259C, Amsterdam, Netherlands"
gmb-2021-301833,06-09-2021,"Hoofdweg 152-1, Amsterdam, Netherlands"
gmb-2021-301814,06-09-2021,"Hortusplantsoen 12A, Amsterdam, Netherlands"
gmb-2021-302299,06-09-2021,"Ferguutstraat 6-H, Amsterdam, Netherlands"
gmb-2021-302381,06-09-2021,"Orteliusstraat 243-H, Amsterdam, Netherlands"
gmb-2021-302058,06-09-2021,"Maanstraat 54, Amsterdam, Netherlands"
gmb-2021-301681,06-09-2021,"Nieuwendammerdijk 131, Amsterdam, Netherlands"
gmb-2021-302140,06-09-2021,"Bert Haanstrakade 376, Amsterdam, Netherlands"
gmb-2021-302039,06-09-2021,"Wilhelminastraat 171-3, Amsterdam, Netherlands"
gmb-2021-301662,06-09-2021,"Schaepmanstraat 222, Amsterdam, Netherlands"
gmb-2021-301884,06-09-2021,"Van der Hoopstraat 71-2, Amsterdam, Netherlands"
gmb-2021-302121,06-09-2021,"Snoekjesgracht 60, Amsterdam, Netherlands"
gmb-2021-302343,06-09-2021,"Langkatstraat 22, Amsterdam, Netherlands"
gmb-2021-301865,06-09-2021,"Hof van Eden 9, Amsterdam, Netherlands"
gmb-2021-302102,06-09-2021,"Rozenstraat 213-3RV, Amsterdam, Netherlands"
gmb-2021-302324,06-09-2021,"Entrepotdok 85A, Amsterdam, Netherlands"
gmb-2021-301846,06-09-2021,"Keizersgracht 716, Amsterdam, Netherlands"
gmb-2021-302305,06-09-2021,"Utrechtsestraat 67-2, Amsterdam, Netherlands"
gmb-2021-302191,06-09-2021,"Nieuwe Jonkerstraat 23, Amsterdam, Netherlands"
gmb-2021-301827,06-09-2021,"Jan Evertsenstraat 149-3, Amsterdam, Netherlands"
gmb-2021-302172,06-09-2021,"Jan Evertsenstraat 19-3, Amsterdam, Netherlands"
gmb-2021-302394,06-09-2021,"Hugo de Grootkade 4-4, Amsterdam, Netherlands"
gmb-2021-301808,06-09-2021,"Dirk Hartoghstraat 4, Amsterdam, Netherlands"
gmb-2021-302153,06-09-2021,"De la Reijstraat 8A, Amsterdam, Netherlands"
gmb-2021-302375,06-09-2021,"Kantershof 158, Amsterdam, Netherlands"
gmb-2021-301675,06-09-2021,"Lauriergracht 125-2, Amsterdam, Netherlands"
gmb-2021-301897,06-09-2021,"Overtoom 498-2, Amsterdam, Netherlands"
gmb-2021-302134,06-09-2021,"Burgemeester Tellegenstraat 57-H, Amsterdam, Netherlands"
gmb-2021-302356,06-09-2021,"Fokke Simonszstraat 68A, Amsterdam, Netherlands"
gmb-2021-301878,06-09-2021,"Hoofdweg 170-1, Amsterdam, Netherlands"
gmb-2021-302115,06-09-2021,"Recht Boomssloot 42D, Amsterdam, Netherlands"
gmb-2021-302337,06-09-2021,"Madurastraat 18-4, Amsterdam, Netherlands"
gmb-2021-301960,06-09-2021,"Middenweg 50-1, Amsterdam, Netherlands"
gmb-2021-301859,06-09-2021,"Weesperzijde 1096, Amsterdam, Netherlands"
gmb-2021-302318,06-09-2021,"Czaar Peterstraat 41C, Amsterdam, Netherlands"
gmb-2021-301941,06-09-2021,"Burgemeester Cramergracht 162, Amsterdam, Netherlands"
gmb-2021-302400,06-09-2021,"Buitendraaierij 57, Amsterdam, Netherlands"
gmb-2021-301700,06-09-2021,"Marnixstraat 370-4, Amsterdam, Netherlands"
gmb-2021-302185,06-09-2021,"Vaartstraat 16-2, Amsterdam, Netherlands"
gmb-2021-302166,06-09-2021,"Ilpendammerstraat 5, Amsterdam, Netherlands"
gmb-2021-301903,06-09-2021,"Joan Muyskenweg 2G, Amsterdam, Netherlands"
gmb-2021-301688,06-09-2021,"Levantkade 182, Amsterdam, Netherlands"
gmb-2021-302369,06-09-2021,"Wiborgeiland 181, Amsterdam, Netherlands"
gmb-2021-301992,06-09-2021,"Sajetplein 14, Amsterdam, Netherlands"
gmb-2021-302451,06-09-2021,"Jan Evertsenstraat 109-2, Amsterdam, Netherlands"
gmb-2021-301669,06-09-2021,"Nieuwe Achtergracht 27-H, Amsterdam, Netherlands"
gmb-2021-302128,06-09-2021,"Nieuwendijk 17C, Amsterdam, Netherlands"
gmb-2021-301973,06-09-2021,"Tweede Constantijn Huygensstraat 44A, Amsterdam, Netherlands"
gmb-2021-302210,06-09-2021,"Oldengaarde 1, Amsterdam, Netherlands"
gmb-2021-302109,06-09-2021,"Haparandaweg 864, Amsterdam, Netherlands"
gmb-2021-301954,06-09-2021,"Frederiksstraat 26-3, Amsterdam, Netherlands"
gmb-2021-302413,06-09-2021,"Wenslauerstraat 55, Amsterdam, Netherlands"
gmb-2021-301713,06-09-2021,"Roerstraat 20-4, Amsterdam, Netherlands"
gmb-2021-302198,06-09-2021,"Kromme-Mijdrechtstraat 45-H, Amsterdam, Netherlands"
gmb-2021-301935,06-09-2021,"Wilhelminastraat 201-1, Amsterdam, Netherlands"
gmb-2021-302280,06-09-2021,"Knollendamstraat 4-3, Amsterdam, Netherlands"
gmb-2021-301916,06-09-2021,"Lauriergracht 62-2, Amsterdam, Netherlands"
gmb-2021-302261,06-09-2021,"Nieuwezijds Armsteeg 19, Amsterdam, Netherlands"
gmb-2021-302483,06-09-2021,"Transvaalstraat 39-3, Amsterdam, Netherlands"
gmb-2021-301783,06-09-2021,"Hoofdweg 362-2, Amsterdam, Netherlands"
gmb-2021-302020,06-09-2021,"Waterlooplein 165A, Amsterdam, Netherlands"
gmb-2021-302242,06-09-2021,"Balistraat 8E, Amsterdam, Netherlands"
gmb-2021-302464,06-09-2021,"Jacob van Lennepstraat 73-3A, Amsterdam, Netherlands"
gmb-2021-301764,06-09-2021,"Frederik Hendrikstraat 79-4, Amsterdam, Netherlands"
gmb-2021-302001,06-09-2021,"Nieuwezijds Armsteeg 81, Amsterdam, Netherlands"
gmb-2021-301986,06-09-2021,"Lange Vogelstraat 22, Amsterdam, Netherlands"
gmb-2021-302223,06-09-2021,"Zocherstraat 24-H, Amsterdam, Netherlands"
gmb-2021-302445,06-09-2021,"Tweede Oosterparkstraat 211-H, Amsterdam, Netherlands"
gmb-2021-301745,06-09-2021,"Leeuwendalersweg 751, Amsterdam, Netherlands"
gmb-2021-301967,06-09-2021,"Hoogte Kadijk 67D, Amsterdam, Netherlands"
gmb-2021-302426,06-09-2021,"IJburglaan 1596, Amsterdam, Netherlands"
gmb-2021-301726,06-09-2021,"Hoogte Kadijk 55C, Amsterdam, Netherlands"
gmb-2021-301948,06-09-2021,"Willem de Zwijgerlaan 219-4, Amsterdam, Netherlands"
gmb-2021-302407,06-09-2021,"Prinsengracht 79L, Amsterdam, Netherlands"
gmb-2021-302071,06-09-2021,"Van Walbeeckstraat 101-3, Amsterdam, Netherlands"
gmb-2021-301707,06-09-2021,"Postjeskade 109-1, Amsterdam, Netherlands"
gmb-2021-301929,06-09-2021,"Spaarndammerstraat 123-1, Amsterdam, Netherlands"
gmb-2021-302274,06-09-2021,"Rapenburgerstraat 83-H, Amsterdam, Netherlands"
gmb-2021-301796,06-09-2021,"Nicolaas Beetsstraat 55B, Amsterdam, Netherlands"
gmb-2021-302014,06-09-2021,"J.J.M. Vegterstraat 8, Amsterdam, Netherlands"
gmb-2021-301999,06-09-2021,"Zeeburgerkade 110, Amsterdam, Netherlands"
gmb-2021-302236,06-09-2021,"Admiraal De Ruijterweg 257-2, Amsterdam, Netherlands"
gmb-2021-302458,06-09-2021,"Nova Zemblastraat 433, Amsterdam, Netherlands"
gmb-2021-302439,06-09-2021,"Bloemstraat 31D, Amsterdam, Netherlands"
gmb-2021-301840,06-09-2021,"Wolvenstraat 3-1, Amsterdam, Netherlands"
gmb-2021-302084,06-09-2021,"Gillis van Ledenberchstraat 14D, Amsterdam, Netherlands"
gmb-2021-302065,06-09-2021,"Stoombootweg 80, Amsterdam, Netherlands"
gmb-2021-301802,06-09-2021,"Columbusplein 42-3, Amsterdam, Netherlands"
gmb-2021-302287,06-09-2021,"Welnastraat 171, Amsterdam, Netherlands"
gmb-2021-302046,06-09-2021,"Bastenakenstraat 154, Amsterdam, Netherlands"
gmb-2021-302268,06-09-2021,"Da Costakade 339, Amsterdam, Netherlands"
gmb-2021-301891,06-09-2021,"Elandsgracht 19-1, Amsterdam, Netherlands"
gmb-2021-302027,06-09-2021,"Van Bossestraat 78-3, Amsterdam, Netherlands"
gmb-2021-302249,06-09-2021,"Vrolikstraat 54-H, Amsterdam, Netherlands"
gmb-2021-301650,06-09-2021,"Bankastraat 55E, Amsterdam, Netherlands"
gmb-2021-302331,06-09-2021,"Wilhelminastraat 9-3, Amsterdam, Netherlands"
gmb-2021-302008,06-09-2021,"Willem de Zwijgerlaan 146-2, Amsterdam, Netherlands"
gmb-2021-301853,06-09-2021,"Hoofdweg 53-H, Amsterdam, Netherlands"
gmb-2021-302312,06-09-2021,"Haarlemmer Houttuinen 45E, Amsterdam, Netherlands"
gmb-2021-302097,06-09-2021,"Stuyvesantstraat 56-4, Amsterdam, Netherlands"
gmb-2021-301834,06-09-2021,"Van Boetzelaerstraat 78-3, Amsterdam, Netherlands"
gmb-2021-302078,06-09-2021,"Ruysdaelkade 257C, Amsterdam, Netherlands"
gmb-2021-301815,06-09-2021,"Jan Bernardusstraat 5-1, Amsterdam, Netherlands"
gmb-2021-302382,06-09-2021,"Reinier Claeszenstraat 66-1, Amsterdam, Netherlands"
gmb-2021-301682,06-09-2021,"Osdorper Ban 770, Amsterdam, Netherlands"
gmb-2021-302141,06-09-2021,"Van Walbeeckstraat 72-2, Amsterdam, Netherlands"
gmb-2021-302363,06-09-2021,"Tichelstraat 37, Amsterdam, Netherlands"
gmb-2021-301663,06-09-2021,"Veerstraat 71-4, Amsterdam, Netherlands"
gmb-2021-301885,06-09-2021,"Van Bossestraat 71-2, Amsterdam, Netherlands"
gmb-2021-302122,06-09-2021,"Overamstelstraat 12-H, Amsterdam, Netherlands"
gmb-2021-301866,06-09-2021,"Ruyschstraat 311, Amsterdam, Netherlands"
gmb-2021-302103,06-09-2021,"Huntum 58, Amsterdam, Netherlands"
gmb-2021-302325,06-09-2021,"Javastraat 11-2, Amsterdam, Netherlands"
gmb-2021-301847,06-09-2021,"Elandsgracht 108-2, Amsterdam, Netherlands"
gmb-2021-302306,06-09-2021,"Bestevâerstraat 102-1, Amsterdam, Netherlands"
gmb-2021-302192,06-09-2021,"Zeeburgerdijk 588, Amsterdam, Netherlands"
gmb-2021-301828,06-09-2021,"Bilderdijkstraat 206-2, Amsterdam, Netherlands"
gmb-2021-301809,06-09-2021,"Nieuwe Achtergracht 15-H, Amsterdam, Netherlands"
gmb-2021-301695,06-09-2021,"Insulindeweg 99-1, Amsterdam, Netherlands"
gmb-2021-302154,06-09-2021,"Hartelstein 10, Amsterdam, Netherlands"
gmb-2021-301676,06-09-2021,"Sarphatipark 78-2, Amsterdam, Netherlands"
gmb-2021-301898,06-09-2021,"Wilhelminastraat 83-H, Amsterdam, Netherlands"
gmb-2021-302135,06-09-2021,"Kuipersstraat 47-2, Amsterdam, Netherlands"
gmb-2021-301980,06-09-2021,"Binnenzagerij 6, Amsterdam, Netherlands"
gmb-2021-301657,06-09-2021,"Pieter Calandlaan 535, Amsterdam, Netherlands"
gmb-2021-301879,06-09-2021,"Javastraat 170-H, Amsterdam, Netherlands"
gmb-2021-302116,06-09-2021,"Hofmeyrstraat 30-H, Amsterdam, Netherlands"
gmb-2021-302338,06-09-2021,"Plantage Kerklaan 59-2, Amsterdam, Netherlands"
gmb-2021-301961,06-09-2021,"Eerste Looiersdwarsstraat 20B, Amsterdam, Netherlands"
gmb-2021-302420,06-09-2021,"Sarphatistraat 54-2, Amsterdam, Netherlands"
gmb-2021-302864,06-09-2021,"Waalstraat 23, Amsterdam, Netherlands"
gmb-2021-301720,06-09-2021,"Texelweg 28, Amsterdam, Netherlands"
gmb-2021-301942,06-09-2021,"Dapperstraat 189, Amsterdam, Netherlands"
gmb-2021-301701,06-09-2021,"Leeuwendalersweg 596, Amsterdam, Netherlands"
gmb-2021-302186,06-09-2021,"Ten Katestraat 57-3, Amsterdam, Netherlands"
gmb-2021-301923,06-09-2021,"Marnixstraat 255-H, Amsterdam, Netherlands"
gmb-2021-302490,06-09-2021,"Eerste Helmersstraat 319-2, Amsterdam, Netherlands"
gmb-2021-302167,06-09-2021,"Tugelaweg 150, Amsterdam, Netherlands"
gmb-2021-301904,06-09-2021,"Esmoreitstraat 27-2, Amsterdam, Netherlands"
gmb-2021-302389,06-09-2021,"Nassaukade 21-1, Amsterdam, Netherlands"
gmb-2021-301790,06-09-2021,"Herengracht 90F, Amsterdam, Netherlands"
gmb-2021-302471,06-09-2021,"Willem Augustinstraat 195, Amsterdam, Netherlands"
gmb-2021-301689,06-09-2021,"Oosterlengte 24, Amsterdam, Netherlands"
gmb-2021-302148,06-09-2021,"Mercatorplein 36E, Amsterdam, Netherlands"
gmb-2021-301771,06-09-2021,"Ruysdaelstraat 75L, Amsterdam, Netherlands"
gmb-2021-302230,06-09-2021,"Nickeriestraat 60-3, Amsterdam, Netherlands"
gmb-2021-302452,06-09-2021,"Scheepstimmermanstraat 46, Amsterdam, Netherlands"
gmb-2021-302129,06-09-2021,"Oetewalerstraat 38-H, Amsterdam, Netherlands"
gmb-2021-301752,06-09-2021,"Linnaeusparkweg 228-H, Amsterdam, Netherlands"
gmb-2021-302211,06-09-2021,"Anna Spenglerstraat 48, Amsterdam, Netherlands"
gmb-2021-302433,06-09-2021,"Van Eeghenstraat 39-H, Amsterdam, Netherlands"
gmb-2021-301733,06-09-2021,"Van Rappardstraat 14B, Amsterdam, Netherlands"
gmb-2021-301955,06-09-2021,"Rapenburgerstraat 167A, Amsterdam, Netherlands"
gmb-2021-301714,06-09-2021,"De Clercqstraat 54-4, Amsterdam, Netherlands"
gmb-2021-302199,06-09-2021,"Nassaukade 140B, Amsterdam, Netherlands"
gmb-2021-301936,06-09-2021,"Swammerdamstraat 8-H, Amsterdam, Netherlands"
gmb-2021-301917,06-09-2021,"Graaf Florisstraat 19-1, Amsterdam, Netherlands"
gmb-2021-302262,06-09-2021,"Prins Hendrikkade 107-3, Amsterdam, Netherlands"
gmb-2021-302484,06-09-2021,"Trouringhstraat 28-1, Amsterdam, Netherlands"
gmb-2021-302021,06-09-2021,"Kleine Wittenburgerstraat 12, Amsterdam, Netherlands"
gmb-2021-302243,06-09-2021,"Brederodestraat 50-3, Amsterdam, Netherlands"
gmb-2021-302465,06-09-2021,"Zaagmolenstraat 12-H, Amsterdam, Netherlands"
gmb-2021-302002,06-09-2021,"Singel 422E, Amsterdam, Netherlands"
gmb-2021-301987,06-09-2021,"Tweede Tuindwarsstraat 9-2, Amsterdam, Netherlands"
gmb-2021-302224,06-09-2021,"Baarsjesweg 247-2, Amsterdam, Netherlands"
gmb-2021-302446,06-09-2021,"Bellamystraat 7-1, Amsterdam, Netherlands"
gmb-2021-301746,06-09-2021,"Nieuwe Achtergracht 89-2, Amsterdam, Netherlands"
gmb-2021-301968,06-09-2021,"Kanaalstraat 102D, Amsterdam, Netherlands"
gmb-2021-302205,06-09-2021,"Filips van Almondestraat 24-H, Amsterdam, Netherlands"
gmb-2021-302427,06-09-2021,"Nieuwe Looiersstraat 120D, Amsterdam, Netherlands"
gmb-2021-302091,06-09-2021,"Daniël Stalpertstraat 8-H, Amsterdam, Netherlands"
gmb-2021-301727,06-09-2021,"Bentinckstraat 27A, Amsterdam, Netherlands"
gmb-2021-302072,06-09-2021,"Makassarstraat 128E, Amsterdam, Netherlands"
gmb-2021-302294,06-09-2021,"Kijkduinstraat 49-1, Amsterdam, Netherlands"
gmb-2021-302053,06-09-2021,"Dapperstraat 98C, Amsterdam, Netherlands"
gmb-2021-302275,06-09-2021,"Kerkstraat 340, Amsterdam, Netherlands"
gmb-2021-301797,06-09-2021,"Djambistraat 44-1, Amsterdam, Netherlands"
gmb-2021-302034,06-09-2021,"Da Costakade 114-1, Amsterdam, Netherlands"
gmb-2021-302256,06-09-2021,"Javastraat 59E, Amsterdam, Netherlands"
gmb-2021-302478,06-09-2021,"Tweede Constantijn Huygensstraat 48A, Amsterdam, Netherlands"
gmb-2021-301778,06-09-2021,"Van Oldenbarneveldtstraat 19-H, Amsterdam, Netherlands"
gmb-2021-302015,06-09-2021,"Hudsonstraat 97-1, Amsterdam, Netherlands"
gmb-2021-302459,06-09-2021,"Emanuel van Meterenstraat 23, Amsterdam, Netherlands"
gmb-2021-301860,06-09-2021,"Noorderakerweg 28, Amsterdam, Netherlands"
gmb-2021-301759,06-09-2021,"Fazantenweg 93-1, Amsterdam, Netherlands"
gmb-2021-302218,06-09-2021,"Postjeskade 107-3, Amsterdam, Netherlands"
gmb-2021-301841,06-09-2021,"Nieuwe Leliestraat 157-3, Amsterdam, Netherlands"
gmb-2021-302300,06-09-2021,"Schokkerjachtdijk 1, Amsterdam, Netherlands"
gmb-2021-301822,06-09-2021,"Hoofdweg 320-1, Amsterdam, Netherlands"
gmb-2021-302066,06-09-2021,"Hoornsestraat 58, Amsterdam, Netherlands"
gmb-2021-301803,06-09-2021,"Jacob Honigstraat 33, Amsterdam, Netherlands"
gmb-2021-302288,06-09-2021,"Dulcie Septemberpad 18, Amsterdam, Netherlands"
gmb-2021-302370,06-09-2021,"Willem de Zwijgerlaan 355-1, Amsterdam, Netherlands"
gmb-2021-302269,06-09-2021,"Bloys van Treslongstraat 40-H, Amsterdam, Netherlands"
gmb-2021-301670,06-09-2021,"Westzaanstraat 61B, Amsterdam, Netherlands"
gmb-2021-301892,06-09-2021,"Koninginneweg 53A, Amsterdam, Netherlands"
gmb-2021-302351,06-09-2021,"Elandsgracht 82C, Amsterdam, Netherlands"
gmb-2021-302028,06-09-2021,"Overflakkeestraat 6, Amsterdam, Netherlands"
gmb-2021-301651,06-09-2021,"Sassenheimstraat 84-3, Amsterdam, Netherlands"
gmb-2021-301873,06-09-2021,"Newtonstraat 11-H, Amsterdam, Netherlands"
gmb-2021-302110,06-09-2021,"Pretoriusstraat 20-H, Amsterdam, Netherlands"
gmb-2021-302332,06-09-2021,"Van Heemskerckstraat 46, Amsterdam, Netherlands"
gmb-2021-302009,06-09-2021,"Centaurusstraat 1, Amsterdam, Netherlands"
gmb-2021-301854,06-09-2021,"Kraaipanstraat 26A, Amsterdam, Netherlands"
gmb-2021-301835,06-09-2021,"Reinwardtstraat 65C, Amsterdam, Netherlands"
gmb-2021-302079,06-09-2021,"Ben van Meerendonkstraat 148, Amsterdam, Netherlands"
gmb-2021-301816,06-09-2021,"Kinkerstraat 47-3V, Amsterdam, Netherlands"
gmb-2021-302161,06-09-2021,"Welnastraat 181, Amsterdam, Netherlands"
gmb-2021-302383,06-09-2021,"Rijsbesstraat 5, Amsterdam, Netherlands"
gmb-2021-301683,06-09-2021,"Weesperzijde 1058, Amsterdam, Netherlands"
gmb-2021-302142,06-09-2021,"Buiten Vissersstraat 4, Amsterdam, Netherlands"
gmb-2021-302364,06-09-2021,"Geuzenstraat 38-H, Amsterdam, Netherlands"
gmb-2021-301664,06-09-2021,"Rustenburgerstraat 419-3, Amsterdam, Netherlands"
gmb-2021-301886,06-09-2021,"Kinkerstraat 354-4, Amsterdam, Netherlands"
gmb-2021-302123,06-09-2021,"Bestevâerstraat 167-H, Amsterdam, Netherlands"
gmb-2021-302345,06-09-2021,"Van Hogendorpstraat 889, Amsterdam, Netherlands"
gmb-2021-301867,06-09-2021,"Esmoreitstraat 37-H, Amsterdam, Netherlands"
gmb-2021-302104,06-09-2021,"Maanhof 17, Amsterdam, Netherlands"
gmb-2021-302326,06-09-2021,"Boomstraat 53C, Amsterdam, Netherlands"
gmb-2021-301848,06-09-2021,"Vrolikstraat 204-H, Amsterdam, Netherlands"
gmb-2021-302307,06-09-2021,"Grote Bickersstraat 67-1, Amsterdam, Netherlands"
gmb-2021-302193,06-09-2021,"Mariottestraat 5-1, Amsterdam, Netherlands"
gmb-2021-301829,06-09-2021,"Pieter Oosterhuisstraat 81, Amsterdam, Netherlands"
gmb-2021-302396,06-09-2021,"Borgerstraat 256-H, Amsterdam, Netherlands"
gmb-2021-301696,06-09-2021,"Bickersgracht 16, Amsterdam, Netherlands"
gmb-2021-302155,06-09-2021,"Willem de Zwijgerlaan 116-2, Amsterdam, Netherlands"
gmb-2021-302377,06-09-2021,"Elandsgracht 108-1, Amsterdam, Netherlands"
gmb-2021-301677,06-09-2021,"Fahrenheitstraat 63-H, Amsterdam, Netherlands"
gmb-2021-301899,06-09-2021,"Eerste Weteringdwarsstraat 48F, Amsterdam, Netherlands"
gmb-2021-302136,06-09-2021,"Curaçaostraat 99-3, Amsterdam, Netherlands"
gmb-2021-302358,06-09-2021,"Plantage Parklaan 23-H, Amsterdam, Netherlands"
gmb-2021-302440,06-09-2021,"Overtoom 284-1, Amsterdam, Netherlands"
gmb-2021-301658,06-09-2021,"Amstelkade 62-3, Amsterdam, Netherlands"
gmb-2021-302117,06-09-2021,"Waldenlaan 223, Amsterdam, Netherlands"
gmb-2021-302339,06-09-2021,"Zoutkeetsgracht 280, Amsterdam, Netherlands"
gmb-2021-301740,06-09-2021,"Elckerlijcstraat 2-2, Amsterdam, Netherlands"
gmb-2021-301962,06-09-2021,"Nieuwendammerdijk 477, Amsterdam, Netherlands"
gmb-2021-302421,06-09-2021,"Hoofdweg 337-1, Amsterdam, Netherlands"
gmb-2021-301943,06-09-2021,"Piri Reisplein 43, Amsterdam, Netherlands"
gmb-2021-302187,06-09-2021,"Transvaalkade 3-2, Amsterdam, Netherlands"
gmb-2021-301924,06-09-2021,"Marnixstraat 237E, Amsterdam, Netherlands"
gmb-2021-302491,06-09-2021,"Borneostraat 31, Amsterdam, Netherlands"
gmb-2021-302168,06-09-2021,"Haparandasteiger 2, Amsterdam, Netherlands"
gmb-2021-301905,06-09-2021,"Vespuccistraat 114-1, Amsterdam, Netherlands"
gmb-2021-301791,06-09-2021,"Vrolikstraat 232-2, Amsterdam, Netherlands"
gmb-2021-302250,06-09-2021,"Robijnstraat 9, Amsterdam, Netherlands"
gmb-2021-302472,06-09-2021,"Bonairestraat 87-H, Amsterdam, Netherlands"
gmb-2021-301772,06-09-2021,"Koperslagerij 41, Amsterdam, Netherlands"
gmb-2021-301994,06-09-2021,"Tweede Boomdwarsstraat 12-H, Amsterdam, Netherlands"
gmb-2021-302231,06-09-2021,"Zeeburgerpad 79, Amsterdam, Netherlands"
gmb-2021-302453,06-09-2021,"Marjoleinstraat 91, Amsterdam, Netherlands"
gmb-2021-301753,06-09-2021,"Bonairestraat 44-2, Amsterdam, Netherlands"
gmb-2021-302212,06-09-2021,"Achtersteven 57, Amsterdam, Netherlands"
gmb-2021-301734,06-09-2021,"Javastraat 43-1, Amsterdam, Netherlands"
gmb-2021-301956,06-09-2021,"Tweede Keucheniusstraat 10-2, Amsterdam, Netherlands"
gmb-2021-301715,06-09-2021,"Johannes Hilverdinkstraat 9, Amsterdam, Netherlands"
gmb-2021-301937,06-09-2021,"Ruysdaelkade 91-H, Amsterdam, Netherlands"
gmb-2021-302060,06-09-2021,"Balboastraat 52-2, Amsterdam, Netherlands"
gmb-2021-302282,06-09-2021,"Van Hallstraat 93-2, Amsterdam, Netherlands"
gmb-2021-301918,06-09-2021,"Olof Palmeplein 31, Amsterdam, Netherlands"
gmb-2021-302041,06-09-2021,"Balistraat 107-3, Amsterdam, Netherlands"
gmb-2021-302263,06-09-2021,"Makassarstraat 126C, Amsterdam, Netherlands"
gmb-2021-302485,06-09-2021,"Pieter van der Doesstraat 13, Amsterdam, Netherlands"
gmb-2021-301785,06-09-2021,"Haarlemmerweg 203-2, Amsterdam, Netherlands"
gmb-2021-302022,06-09-2021,"Prinsengracht 14S, Amsterdam, Netherlands"
gmb-2021-302244,06-09-2021,"Weesperzijde 301, Amsterdam, Netherlands"
gmb-2021-301766,06-09-2021,"Joan Melchior Kemperstraat 73-2, Amsterdam, Netherlands"
gmb-2021-302003,06-09-2021,"Jacob van Lennepstraat 31-H, Amsterdam, Netherlands"
gmb-2021-302225,06-09-2021,"Nieuwezijds Voorburgwal 290-1, Amsterdam, Netherlands"
gmb-2021-302447,06-09-2021,"Dulcie Septemberpad 6, Amsterdam, Netherlands"
gmb-2021-301747,06-09-2021,"Elisabeth Wolffstraat 50C, Amsterdam, Netherlands"
gmb-2021-301969,06-09-2021,"Groen van Prinstererstraat 26-H, Amsterdam, Netherlands"
gmb-2021-302206,06-09-2021,"Van der Hoopstraat 86-2, Amsterdam, Netherlands"
gmb-2021-302428,06-09-2021,"Rustenburgerstraat 127-H, Amsterdam, Netherlands"
gmb-2021-301728,06-09-2021,"Nicolaas Witsenstraat 19A, Amsterdam, Netherlands"
gmb-2021-302409,06-09-2021,"Tugelaweg 136D, Amsterdam, Netherlands"
gmb-2021-302073,06-09-2021,"Prinsengracht 73K, Amsterdam, Netherlands"
gmb-2021-302295,06-09-2021,"Herengracht 147D, Amsterdam, Netherlands"
gmb-2021-301709,06-09-2021,"Johan van Hasseltkade 241A, Amsterdam, Netherlands"
gmb-2021-302054,06-09-2021,"Panamakade 37, Amsterdam, Netherlands"
gmb-2021-301798,06-09-2021,"Buikslotermeerdijk 51, Amsterdam, Netherlands"
gmb-2021-302035,06-09-2021,"Filips van Almondestraat 29-1, Amsterdam, Netherlands"
gmb-2021-302257,06-09-2021,"Hugo de Grootplein 3-2, Amsterdam, Netherlands"
gmb-2021-302479,06-09-2021,"Amazonenstraat 13-H, Amsterdam, Netherlands"
gmb-2021-301880,06-09-2021,"Johan Jongkindstraat 240, Amsterdam, Netherlands"
gmb-2021-301779,06-09-2021,"Ruyschstraat 46-H, Amsterdam, Netherlands"
gmb-2021-302016,06-09-2021,"Esmoreitstraat 4-2, Amsterdam, Netherlands"
gmb-2021-302219,06-09-2021,"Da Costastraat 51-1, Amsterdam, Netherlands"
gmb-2021-301842,06-09-2021,"Postjesweg 375, Amsterdam, Netherlands"
gmb-2021-302301,06-09-2021,"Lumeijstraat 30-3, Amsterdam, Netherlands"
gmb-2021-302086,06-09-2021,"Jacob Melkmanstraat 56, Amsterdam, Netherlands"
gmb-2021-301823,06-09-2021,"Van Bossepad 28, Amsterdam, Netherlands"
gmb-2021-302390,06-09-2021,"Vasco da Gamastraat 48-2, Amsterdam, Netherlands"
gmb-2021-302067,06-09-2021,"Soendastraat 30-2, Amsterdam, Netherlands"
gmb-2021-302289,06-09-2021,"Bentinckstraat 36-2, Amsterdam, Netherlands"
gmb-2021-301690,06-09-2021,"Gloriantstraat 8-1, Amsterdam, Netherlands"
gmb-2021-302371,06-09-2021,"Elandsgracht 105-2, Amsterdam, Netherlands"
gmb-2021-302048,06-09-2021,"Ceintuurbaan 356-3, Amsterdam, Netherlands"
gmb-2021-301893,06-09-2021,"Kaasjeskruidstraat 64A, Amsterdam, Netherlands"
gmb-2021-301874,06-09-2021,"Graaf Florisstraat 14-2, Amsterdam, Netherlands"
gmb-2021-302333,06-09-2021,"Hegeraatstraat 52, Amsterdam, Netherlands"
gmb-2021-301855,06-09-2021,"Jacob van Lennepkade 64-3, Amsterdam, Netherlands"
gmb-2021-302099,06-09-2021,"Van Walbeeckstraat 8-H, Amsterdam, Netherlands"
gmb-2021-301817,06-09-2021,"Jacob van Lennepkade 633, Amsterdam, Netherlands"
gmb-2021-302162,06-09-2021,"De Wittenkade 20W, Amsterdam, Netherlands"
gmb-2021-302384,06-09-2021,"Groen van Prinstererstraat 5-2, Amsterdam, Netherlands"
gmb-2021-301684,06-09-2021,"Polygoongracht 12, Amsterdam, Netherlands"
gmb-2021-302365,06-09-2021,"Molukkenstraat 69-2, Amsterdam, Netherlands"
gmb-2021-301665,06-09-2021,"Lauernessestraat 38-3, Amsterdam, Netherlands"
gmb-2021-302346,06-09-2021,"Trouringhstraat 32-2, Amsterdam, Netherlands"
gmb-2021-301646,06-09-2021,"Hugo de Grootplein 20-1, Amsterdam, Netherlands"
gmb-2021-301868,06-09-2021,"Langswater 332, Amsterdam, Netherlands"
gmb-2021-302105,06-09-2021,"Scheldestraat 81-1, Amsterdam, Netherlands"
gmb-2021-302327,06-09-2021,"Oostzanerdijk 70, Amsterdam, Netherlands"
gmb-2021-301950,06-09-2021,"Lisdoddelaan 106, Amsterdam, Netherlands"
gmb-2021-302308,06-09-2021,"Linnaeusparkweg 234-H, Amsterdam, Netherlands"
gmb-2021-302194,06-09-2021,"Eerste Lindendwarsstraat 3, Amsterdam, Netherlands"
gmb-2021-301931,06-09-2021,"Overtoom 114-4, Amsterdam, Netherlands"
gmb-2021-302175,06-09-2021,"Cruquiuskade 281, Amsterdam, Netherlands"
gmb-2021-302397,06-09-2021,"Keizersgracht 430E, Amsterdam, Netherlands"
gmb-2021-301697,06-09-2021,"Cornelis Anthoniszstraat 1-2, Amsterdam, Netherlands"
gmb-2021-302156,06-09-2021,"Metaalbewerkerweg 7, Amsterdam, Netherlands"
gmb-2021-302378,06-09-2021,"Kadoelenweg 159, Amsterdam, Netherlands"
gmb-2021-302460,06-09-2021,"Elandsgracht 108-1, Amsterdam, Netherlands"
gmb-2021-302137,06-09-2021,"Ruyschstraat 20-H, Amsterdam, Netherlands"
gmb-2021-302359,06-09-2021,"Van Bossestraat 45-1, Amsterdam, Netherlands"
gmb-2021-301982,06-09-2021,"Weesperzijde 1036, Amsterdam, Netherlands"
gmb-2021-302441,06-09-2021,"Korte Keizersstraat 6B, Amsterdam, Netherlands"
gmb-2021-301741,06-09-2021,"Amstel 156, Amsterdam, Netherlands"
gmb-2021-301963,06-09-2021,"Czaar Peterstraat 168D, Amsterdam, Netherlands"
gmb-2021-302422,06-09-2021,"Javastraat 11-4, Amsterdam, Netherlands"
gmb-2021-302403,06-09-2021,"Goudsbloemstraat 122D, Amsterdam, Netherlands"
gmb-2021-301703,06-09-2021,"Brederodestraat 76-1, Amsterdam, Netherlands"
gmb-2021-302188,06-09-2021,"Ten Katestraat 45-5, Amsterdam, Netherlands"
gmb-2021-301925,06-09-2021,"Welnastraat 412A, Amsterdam, Netherlands"
gmb-2021-302492,06-09-2021,"Oostzaanstraat 48, Amsterdam, Netherlands"
gmb-2021-301906,06-09-2021,"Schollenbrugstraat 23-3, Amsterdam, Netherlands"
gmb-2021-301792,06-09-2021,"Westerdoksdijk 629, Amsterdam, Netherlands"
gmb-2021-302010,06-09-2021,"Nieuwezijds Armsteeg 37, Amsterdam, Netherlands"
gmb-2021-301995,06-09-2021,"Spinaker 215, Amsterdam, Netherlands"
gmb-2021-302232,06-09-2021,"Slatuinenweg 30, Amsterdam, Netherlands"
gmb-2021-302454,06-09-2021,"Gibraltarstraat 70-1, Amsterdam, Netherlands"
gmb-2021-301754,06-09-2021,"Orteliusstraat 207-2, Amsterdam, Netherlands"
gmb-2021-301976,06-09-2021,"Fagelstraat 38-3, Amsterdam, Netherlands"
gmb-2021-301735,06-09-2021,"Van Reigersbergenstraat 186, Amsterdam, Netherlands"
gmb-2021-301957,06-09-2021,"Javastraat 69-2, Amsterdam, Netherlands"
gmb-2021-302416,06-09-2021,"Nieuwe Prinsengracht 66D, Amsterdam, Netherlands"
gmb-2021-301716,06-09-2021,"De Kempenaerstraat 8-H, Amsterdam, Netherlands"
gmb-2021-301938,06-09-2021,"Zeeburgerpad 139, Amsterdam, Netherlands"
gmb-2021-302061,06-09-2021,"Marnixstraat 257-4, Amsterdam, Netherlands"
gmb-2021-302283,06-09-2021,"Prinsengracht 234B, Amsterdam, Netherlands"
gmb-2021-302042,06-09-2021,"Laing's Nekstraat 39-3, Amsterdam, Netherlands"
gmb-2021-302264,06-09-2021,"Jacob van Lennepkade 28-H, Amsterdam, Netherlands"
gmb-2021-302486,06-09-2021,"Laurierstraat 91-2, Amsterdam, Netherlands"
gmb-2021-301786,06-09-2021,"Laan van Vlaanderen 141C-11, Amsterdam, Netherlands"
gmb-2021-302023,06-09-2021,"Reguliersgracht 39, Amsterdam, Netherlands"
gmb-2021-302245,06-09-2021,"Granidastraat 86-1, Amsterdam, Netherlands"
gmb-2021-302467,06-09-2021,"Elisabeth Wolffstraat 50G, Amsterdam, Netherlands"
gmb-2021-301767,06-09-2021,"Westerdok 33, Amsterdam, Netherlands"
gmb-2021-302004,06-09-2021,"Admiraal De Ruijterweg 369-3, Amsterdam, Netherlands"
gmb-2021-301989,06-09-2021,"Boomstraat 33-H, Amsterdam, Netherlands"
gmb-2021-302226,06-09-2021,"Pirolastraat 44, Amsterdam, Netherlands"
gmb-2021-302448,06-09-2021,"Nassaukade 354A-3, Amsterdam, Netherlands"
gmb-2021-301748,06-09-2021,"Van Oldenbarneveldtstraat 72A-4, Amsterdam, Netherlands"
gmb-2021-302207,06-09-2021,"John Kellypad 4, Amsterdam, Netherlands"
gmb-2021-302429,06-09-2021,"Sloterweg 1267C, Amsterdam, Netherlands"
gmb-2021-301830,06-09-2021,"Piri Reisplein 6, Amsterdam, Netherlands"
gmb-2021-301729,06-09-2021,"Emmy Andriessestraat 426, Amsterdam, Netherlands"
gmb-2021-302074,06-09-2021,"Van Abbestraat 108, Amsterdam, Netherlands"
gmb-2021-301811,06-09-2021,"Dalsteindreef 466, Amsterdam, Netherlands"
gmb-2021-302296,06-09-2021,"Albert Cuypstraat 225E, Amsterdam, Netherlands"
gmb-2021-302055,06-09-2021,"Linnaeusstraat 72-4, Amsterdam, Netherlands"
gmb-2021-302277,06-09-2021,"Sint Jacobsstraat 17-H, Amsterdam, Netherlands"
gmb-2021-301799,06-09-2021,"Rochussenstraat 3-H, Amsterdam, Netherlands"
gmb-2021-302258,06-09-2021,"Borneokade 54, Amsterdam, Netherlands"
gmb-2021-302340,06-09-2021,"Chasséstraat 1-2, Amsterdam, Netherlands"
gmb-2021-302239,06-09-2021,"Meeuwenlaan 71-1, Amsterdam, Netherlands"
gmb-2021-301862,06-09-2021,"Nic. de Roeverstraat 3, Amsterdam, Netherlands"
gmb-2021-301843,06-09-2021,"Uiterwaardenstraat 336, Amsterdam, Netherlands"
gmb-2021-302302,06-09-2021,"Fokke Simonszstraat 50, Amsterdam, Netherlands"
gmb-2021-302087,06-09-2021,"Paramariboplein 29-1, Amsterdam, Netherlands"
gmb-2021-301824,06-09-2021,"Wijttenbachstraat 9D, Amsterdam, Netherlands"
gmb-2021-302068,06-09-2021,"Javastraat 83C, Amsterdam, Netherlands"
gmb-2021-301805,06-09-2021,"Jacob van Lennepkade 418-3, Amsterdam, Netherlands"
gmb-2021-301691,06-09-2021,"Réaumurstraat 31-H, Amsterdam, Netherlands"
gmb-2021-302150,06-09-2021,"Wijttenbachstraat 37A, Amsterdam, Netherlands"
gmb-2021-302049,06-09-2021,"John Blankensteinstraat 135A, Amsterdam, Netherlands"
gmb-2021-301672,06-09-2021,"Postjesweg 116-1, Amsterdam, Netherlands"
gmb-2021-301894,06-09-2021,"Floraweg 93, Amsterdam, Netherlands"
gmb-2021-302131,06-09-2021,"Blasiusstraat 34-3, Amsterdam, Netherlands"
gmb-2021-301875,06-09-2021,"Violettenstraat 31, Amsterdam, Netherlands"
gmb-2021-302334,06-09-2021,"Houthavenkade 122, Amsterdam, Netherlands"
gmb-2021-301856,06-09-2021,"Courbetstraat 12-2, Amsterdam, Netherlands"
gmb-2021-301837,06-09-2021,"Geerdinkhof 447, Amsterdam, Netherlands"
gmb-2021-302182,06-09-2021,"Van Bossestraat 11-2, Amsterdam, Netherlands"
gmb-2021-301818,06-09-2021,"Nieuwendammerdijk 261, Amsterdam, Netherlands"
gmb-2021-302163,06-09-2021,"Jan Pieter Heijestraat 84-2, Amsterdam, Netherlands"
gmb-2021-302385,06-09-2021,"Middenweg 50-2, Amsterdam, Netherlands"
gmb-2021-301685,06-09-2021,"Amsteldijk 724A, Amsterdam, Netherlands"
gmb-2021-302144,06-09-2021,"Oudeschans 22K, Amsterdam, Netherlands"
gmb-2021-302366,06-09-2021,"Jacob van Lennepkade 273A, Amsterdam, Netherlands"
gmb-2021-301666,06-09-2021,"Gulden Winckelplantsoen 8-1, Amsterdam, Netherlands"
gmb-2021-301888,06-09-2021,"Vinkenstraat 120A, Amsterdam, Netherlands"
gmb-2021-302125,06-09-2021,"Derde Helmersstraat 68-2, Amsterdam, Netherlands"
gmb-2021-302347,06-09-2021,"Th. J. Lammerslaan 16, Amsterdam, Netherlands"
gmb-2021-301970,06-09-2021,"Alexanderstraat 22, Amsterdam, Netherlands"
gmb-2021-301869,06-09-2021,"Van Houweningenstraat 62-1, Amsterdam, Netherlands"
gmb-2021-302106,06-09-2021,"Barcelonaplein 150, Amsterdam, Netherlands"
gmb-2021-302328,06-09-2021,"Admiraal De Ruijterweg 318C, Amsterdam, Netherlands"
gmb-2021-301951,06-09-2021,"Zakslootje 8, Amsterdam, Netherlands"
gmb-2021-302410,06-09-2021,"Pieter Aertszstraat 83-H, Amsterdam, Netherlands"
gmb-2021-302309,06-09-2021,"Boylestraat 6-H, Amsterdam, Netherlands"
gmb-2021-301710,06-09-2021,"Van Reigersbergenstraat 43-2, Amsterdam, Netherlands"
gmb-2021-302195,06-09-2021,"Hugo de Grootplein 20-1, Amsterdam, Netherlands"
gmb-2021-301932,06-09-2021,"Joos Banckersweg 25-2, Amsterdam, Netherlands"
gmb-2021-302176,06-09-2021,"Eerste Jan van der Heijdenstraat 116-H, Amsterdam, Netherlands"
gmb-2021-302398,06-09-2021,"Prins Hendrikkade 82K, Amsterdam, Netherlands"
gmb-2021-302480,06-09-2021,"Graaf Florisstraat 6-2, Amsterdam, Netherlands"
gmb-2021-301698,06-09-2021,"Lumièrestraat 119, Amsterdam, Netherlands"
gmb-2021-298304,02-09-2021,"Lijnbaansgracht 22, Amsterdam, Netherlands"
gmb-2021-296397,31-08-2021,"Eduard Jacobshof 3, Amsterdam, Netherlands"
gmb-2021-296378,31-08-2021,"Johan Herman Doornstraat 10, Amsterdam, Netherlands"
gmb-2021-296460,31-08-2021,"Witte de Withstraat 140-H, Amsterdam, Netherlands"
gmb-2021-296359,31-08-2021,"Utrechtsedwarsstraat 121, Amsterdam, Netherlands"
gmb-2021-296441,31-08-2021,"Mauritskade 21C, Amsterdam, Netherlands"
gmb-2021-296422,31-08-2021,"Van Bossestraat 7-H, Amsterdam, Netherlands"
gmb-2021-296403,31-08-2021,"Nachtegaalstraat 148, Amsterdam, Netherlands"
gmb-2021-296435,31-08-2021,"Van Gentstraat 16-3, Amsterdam, Netherlands"
gmb-2021-296416,31-08-2021,"'s-Gravenhekje 9, Amsterdam, Netherlands"
gmb-2021-296467,31-08-2021,"Nicolaas Beetsstraat 134-2, Amsterdam, Netherlands"
gmb-2021-296448,31-08-2021,"Hugo de Grootkade 70B, Amsterdam, Netherlands"
gmb-2021-296429,31-08-2021,"Staringplein 4-1, Amsterdam, Netherlands"
gmb-2021-296340,31-08-2021,"Maria Austriastraat 604, Amsterdam, Netherlands"
gmb-2021-296391,31-08-2021,"Jan Pieter Heijestraat 83A, Amsterdam, Netherlands"
gmb-2021-296372,31-08-2021,"Haparandaweg 870, Amsterdam, Netherlands"
gmb-2021-296353,31-08-2021,"Haparandasteiger 2, Amsterdam, Netherlands"
gmb-2021-296334,31-08-2021,"Hofmeyrstraat 32-H, Amsterdam, Netherlands"
gmb-2021-296385,31-08-2021,"Da Costakade 315, Amsterdam, Netherlands"
gmb-2021-296366,31-08-2021,"Spaarndammerstraat 125-3, Amsterdam, Netherlands"
gmb-2021-296347,31-08-2021,"Willem de Zwijgerlaan 105-3, Amsterdam, Netherlands"
gmb-2021-296410,31-08-2021,"Sarphatikade 10W, Amsterdam, Netherlands"
gmb-2021-296398,31-08-2021,"Amsteldijk 706, Amsterdam, Netherlands"
gmb-2021-296379,31-08-2021,"Kaasjeskruidstraat 35, Amsterdam, Netherlands"
gmb-2021-296461,31-08-2021,"Hogeweg 96-3, Amsterdam, Netherlands"
gmb-2021-296442,31-08-2021,"Korte Geuzenstraat 301, Amsterdam, Netherlands"
gmb-2021-296423,31-08-2021,"Jacob van Lennepkade 532, Amsterdam, Netherlands"
gmb-2021-296404,31-08-2021,"Danie Theronstraat 16A, Amsterdam, Netherlands"
gmb-2021-296455,31-08-2021,"Javastraat 79C, Amsterdam, Netherlands"
gmb-2021-296436,31-08-2021,"Leksmondhof 287, Amsterdam, Netherlands"
gmb-2021-294611,31-08-2021,"Hillegomstraat 42-1, Amsterdam, Netherlands"
gmb-2021-296417,31-08-2021,"Nieuwe Prinsengracht 37K, Amsterdam, Netherlands"
gmb-2021-296468,31-08-2021,"Eerste Anjeliersdwarsstraat 27, Amsterdam, Netherlands"
gmb-2021-296449,31-08-2021,"Maria Austriastraat 644, Amsterdam, Netherlands"
gmb-2021-296360,31-08-2021,"Curaçaostraat 27-H, Amsterdam, Netherlands"
gmb-2021-294656,31-08-2021,"Sloterkade 54, Amsterdam, Netherlands"
gmb-2021-296341,31-08-2021,"Distelachterstraat 19, Amsterdam, Netherlands"
gmb-2021-296392,31-08-2021,"De Wittenkade 160W, Amsterdam, Netherlands"
gmb-2021-296373,31-08-2021,"Sumatrastraat 41C, Amsterdam, Netherlands"
gmb-2021-296354,31-08-2021,"Willem Augustinstraat 152, Amsterdam, Netherlands"
gmb-2021-296335,31-08-2021,"Tichelstraat 6, Amsterdam, Netherlands"
gmb-2021-296386,31-08-2021,"Zuiderzeepark 27, Amsterdam, Netherlands"
gmb-2021-296367,31-08-2021,"Amsteldijk 817, Amsterdam, Netherlands"
gmb-2021-296348,31-08-2021,"Brederodestraat 31-1, Amsterdam, Netherlands"
gmb-2021-296430,31-08-2021,"De Wittenkade 37-1, Amsterdam, Netherlands"
gmb-2021-296411,31-08-2021,"Wiborgeiland 179, Amsterdam, Netherlands"
gmb-2021-296399,31-08-2021,"Pieter Pauwstraat 18-2, Amsterdam, Netherlands"
gmb-2021-296462,31-08-2021,"Egidiusstraat 117-H, Amsterdam, Netherlands"
gmb-2021-296443,31-08-2021,"Eerste Atjehstraat 103-1, Amsterdam, Netherlands"
gmb-2021-296424,31-08-2021,"Westerdok 7, Amsterdam, Netherlands"
gmb-2021-296405,31-08-2021,"Binnenkant 39G, Amsterdam, Netherlands"
gmb-2021-294549,31-08-2021,"Jan Lievensstraat 4-3, Amsterdam, Netherlands"
gmb-2021-296456,31-08-2021,"Mijndenhof 243, Amsterdam, Netherlands"
gmb-2021-296437,31-08-2021,"Prinsengracht 133K, Amsterdam, Netherlands"
gmb-2021-296418,31-08-2021,"Chasséstraat 56-2, Amsterdam, Netherlands"
gmb-2021-296469,31-08-2021,"Witte de Withstraat 1R, Amsterdam, Netherlands"
gmb-2021-296380,31-08-2021,"Fluessenlaan 70, Amsterdam, Netherlands"
gmb-2021-296361,31-08-2021,"Cliffordstraat 40-3, Amsterdam, Netherlands"
gmb-2021-296342,31-08-2021,"Witte de Withstraat 1T, Amsterdam, Netherlands"
gmb-2021-296393,31-08-2021,"Overtoom 466-HA, Amsterdam, Netherlands"
gmb-2021-296374,31-08-2021,"Soembawastraat 69A, Amsterdam, Netherlands"
gmb-2021-296355,31-08-2021,"Maassluisstraat 400, Amsterdam, Netherlands"
gmb-2021-294752,31-08-2021,"Govert Flinckstraat 219-2, Amsterdam, Netherlands"
gmb-2021-296336,31-08-2021,"De Kempenaerstraat 8-2, Amsterdam, Netherlands"
gmb-2021-296387,31-08-2021,"Brederodestraat 68-3, Amsterdam, Netherlands"
gmb-2021-296368,31-08-2021,"Sixhavenweg 24, Amsterdam, Netherlands"
gmb-2021-296450,31-08-2021,"Jacob van Lennepkade 629, Amsterdam, Netherlands"
gmb-2021-296349,31-08-2021,"Bilderdijkkade 139, Amsterdam, Netherlands"
gmb-2021-296431,31-08-2021,"Korenbloemstraat 31, Amsterdam, Netherlands"
gmb-2021-296412,31-08-2021,"Van Bossepad 10, Amsterdam, Netherlands"
gmb-2021-296197,31-08-2021,"Marnixstraat 263-3A, Amsterdam, Netherlands"
gmb-2021-296463,31-08-2021,"Klaprozenweg 51C, Amsterdam, Netherlands"
gmb-2021-296444,31-08-2021,"Spitsbergenstraat 76, Amsterdam, Netherlands"
gmb-2021-296425,31-08-2021,"Feike de Boerlaan 137, Amsterdam, Netherlands"
gmb-2021-296406,31-08-2021,"Johan van Hasseltkade 253B, Amsterdam, Netherlands"
gmb-2021-296457,31-08-2021,"Amstel 350, Amsterdam, Netherlands"
gmb-2021-296438,31-08-2021,"Van Reigersbergenstraat 338, Amsterdam, Netherlands"
gmb-2021-296419,31-08-2021,"Javastraat 49E, Amsterdam, Netherlands"
gmb-2021-296381,31-08-2021,"Van Swindendwarsstraat 62, Amsterdam, Netherlands"
gmb-2021-294677,31-08-2021,"De Wittenkade 124-2, Amsterdam, Netherlands"
gmb-2021-296362,31-08-2021,"Houtmankade 27A, Amsterdam, Netherlands"
gmb-2021-296343,31-08-2021,"Cliffordstraat 3-2, Amsterdam, Netherlands"
gmb-2021-296394,31-08-2021,"Nieuwe Achtergracht 61G, Amsterdam, Netherlands"
gmb-2021-296375,31-08-2021,"Kaneelappelstraat 108, Amsterdam, Netherlands"
gmb-2021-296356,31-08-2021,"Derde Kostverlorenkade 40-2, Amsterdam, Netherlands"
gmb-2021-294753,31-08-2021,"Vechtstraat 121-H, Amsterdam, Netherlands"
gmb-2021-296337,31-08-2021,"Molukkenstraat 63-H, Amsterdam, Netherlands"
gmb-2021-296400,31-08-2021,"Bosboom Toussaintstraat 58-H, Amsterdam, Netherlands"
gmb-2021-296388,31-08-2021,"Commelinstraat 35-H, Amsterdam, Netherlands"
gmb-2021-294785,31-08-2021,"Govert Flinckstraat 368D, Amsterdam, Netherlands"
gmb-2021-296470,31-08-2021,"Wilhelminastraat 196-3, Amsterdam, Netherlands"
gmb-2021-296369,31-08-2021,"Amstel 63G, Amsterdam, Netherlands"
gmb-2021-296451,31-08-2021,"Da Costakade 145D, Amsterdam, Netherlands"
gmb-2021-296128,31-08-2021,"Egelantiersgracht 470, Amsterdam, Netherlands"
gmb-2021-296432,31-08-2021,"Amsteldijk 728A, Amsterdam, Netherlands"
gmb-2021-296413,31-08-2021,"IJsbaanpad 74E, Amsterdam, Netherlands"
gmb-2021-294595,31-08-2021,"Da Costakade 323, Amsterdam, Netherlands"
gmb-2021-296464,31-08-2021,"Amstel 51B, Amsterdam, Netherlands"
gmb-2021-296445,31-08-2021,"Da Costastraat 96-3A, Amsterdam, Netherlands"
gmb-2021-296426,31-08-2021,"Hudsonstraat 79-3, Amsterdam, Netherlands"
gmb-2021-296407,31-08-2021,"Spaarndammerstraat 22C, Amsterdam, Netherlands"
gmb-2021-296458,31-08-2021,"Fokke Simonszstraat 84-3, Amsterdam, Netherlands"
gmb-2021-296439,31-08-2021,"Bestevâerstraat 3-1, Amsterdam, Netherlands"
gmb-2021-296350,31-08-2021,"Snodenhoekpark 28, Amsterdam, Netherlands"
gmb-2021-296382,31-08-2021,"Blankenstraat 185, Amsterdam, Netherlands"
gmb-2021-296363,31-08-2021,"Plantage Kerklaan 1-1, Amsterdam, Netherlands"
gmb-2021-296344,31-08-2021,"Fagelstraat 42-3, Amsterdam, Netherlands"
gmb-2021-296395,31-08-2021,"Piri Reisplein 7, Amsterdam, Netherlands"
gmb-2021-296154,31-08-2021,"Lauriergracht 89, Amsterdam, Netherlands"
gmb-2021-296376,31-08-2021,"Koggestraat 18, Amsterdam, Netherlands"
gmb-2021-296357,31-08-2021,"Brederodestraat 59-3, Amsterdam, Netherlands"
gmb-2021-296338,31-08-2021,"Nieuwendammerdijk 346, Amsterdam, Netherlands"
gmb-2021-296420,31-08-2021,"Jan Hanzenstraat 26-1, Amsterdam, Netherlands"
gmb-2021-296401,31-08-2021,"Filips van Almondestraat 16D, Amsterdam, Netherlands"
gmb-2021-296389,31-08-2021,"Prinsengracht 14L, Amsterdam, Netherlands"
gmb-2021-296471,31-08-2021,"Domselaerstraat 45-2, Amsterdam, Netherlands"
gmb-2021-296230,31-08-2021,"Marnixkade 69F, Amsterdam, Netherlands"
gmb-2021-296452,31-08-2021,"Van Hallstraat 61-2, Amsterdam, Netherlands"
gmb-2021-296433,31-08-2021,"Pieter Jacobszstraat 8F, Amsterdam, Netherlands"
gmb-2021-296414,31-08-2021,"Jacob van Lennepkade 265E, Amsterdam, Netherlands"
gmb-2021-296465,31-08-2021,"James Bradleystraat 13, Amsterdam, Netherlands"
gmb-2021-296446,31-08-2021,"Brouwersgracht 288-1, Amsterdam, Netherlands"
gmb-2021-296408,31-08-2021,"Tussendek 88, Amsterdam, Netherlands"
gmb-2021-294672,31-08-2021,"Van Woustraat 20-2, Amsterdam, Netherlands"
gmb-2021-296459,31-08-2021,"Javastraat 140-3, Amsterdam, Netherlands"
gmb-2021-296218,31-08-2021,"Nachtwachtlaan 483, Amsterdam, Netherlands"
gmb-2021-296370,31-08-2021,"Eerste Weteringdwarsstraat 62-H, Amsterdam, Netherlands"
gmb-2021-296351,31-08-2021,"Julius Pergerstraat 109, Amsterdam, Netherlands"
gmb-2021-294609,31-08-2021,"Van Ostadestraat 176-1A, Amsterdam, Netherlands"
gmb-2021-296383,31-08-2021,"Binnenkant 10, Amsterdam, Netherlands"
gmb-2021-296364,31-08-2021,"Brouwersgracht 298, Amsterdam, Netherlands"
gmb-2021-296345,31-08-2021,"Jacob van Lennepstraat 17-2, Amsterdam, Netherlands"
gmb-2021-294742,31-08-2021,"Quellijnstraat 37C, Amsterdam, Netherlands"
gmb-2021-294590,31-08-2021,"Kanaalstraat 82A, Amsterdam, Netherlands"
gmb-2021-296396,31-08-2021,"Bilderdijkkade 19-H, Amsterdam, Netherlands"
gmb-2021-296377,31-08-2021,"Eerste Helmersstraat 97-H, Amsterdam, Netherlands"
gmb-2021-296358,31-08-2021,"Olifantswerf 4, Amsterdam, Netherlands"
gmb-2021-296440,31-08-2021,"James Cookstraat 11-H, Amsterdam, Netherlands"
gmb-2021-296339,31-08-2021,"Kostverlorenstraat 15-1, Amsterdam, Netherlands"
gmb-2021-296421,31-08-2021,"Eerste Goudsbloemdwarsstraat 1C, Amsterdam, Netherlands"
gmb-2021-296402,31-08-2021,"Westerdok 38, Amsterdam, Netherlands"
gmb-2021-296453,31-08-2021,"Tweede Oosterparkstraat 241, Amsterdam, Netherlands"
gmb-2021-294749,31-08-2021,"Tweede Jan Steenstraat 110-2, Amsterdam, Netherlands"
gmb-2021-296212,31-08-2021,"Wijttenbachstraat 54-1, Amsterdam, Netherlands"
gmb-2021-296434,31-08-2021,"Sixhavenweg 5, Amsterdam, Netherlands"
gmb-2021-296415,31-08-2021,"Niasstraat 34A, Amsterdam, Netherlands"
gmb-2021-296447,31-08-2021,"Cruquiuskade 47, Amsterdam, Netherlands"
gmb-2021-296428,31-08-2021,"Bos en Lommerweg 221-3, Amsterdam, Netherlands"
gmb-2021-296409,31-08-2021,"Fagelstraat 68-3, Amsterdam, Netherlands"
gmb-2021-296219,31-08-2021,"Jozef Israëlskade 35B, Amsterdam, Netherlands"
gmb-2021-296390,31-08-2021,"Da Costakade 321, Amsterdam, Netherlands"
gmb-2021-296371,31-08-2021,"Eerste Looiersdwarsstraat 20A, Amsterdam, Netherlands"
gmb-2021-294667,31-08-2021,"Eerste Van der Helststraat 55-1, Amsterdam, Netherlands"
gmb-2021-296352,31-08-2021,"Louise de Colignystraat 24-H, Amsterdam, Netherlands"
gmb-2021-296333,31-08-2021,"Ruyschstraat 35-1, Amsterdam, Netherlands"
gmb-2021-296384,31-08-2021,"Eerste Oosterparkstraat 3-2, Amsterdam, Netherlands"
gmb-2021-296365,31-08-2021,"Spaarndammerstraat 18E, Amsterdam, Netherlands"
gmb-2021-294762,31-08-2021,"Oostzaanstraat 111, Amsterdam, Netherlands"
gmb-2021-296346,31-08-2021,"Derde Helmersstraat 86-2, Amsterdam, Netherlands"
gmb-2021-292665,30-08-2021,"Spaarndammerstraat 620A, Amsterdam, Netherlands"
gmb-2021-292655,30-08-2021,"Westerstraat 123-3, Amsterdam, Netherlands"
gmb-2021-282868,20-08-2021,"Andreas Schelfhoutstraat 31-H, Amsterdam, Netherlands"
gmb-2021-282841,20-08-2021,"Sint Willibrordusstraat 103F, Amsterdam, Netherlands"
gmb-2021-281009,19-08-2021,"Govert Flinckstraat 121-2A, Amsterdam, Netherlands"
gmb-2021-281041,19-08-2021,"Van Woustraat 191-2, Amsterdam, Netherlands"
gmb-2021-281031,19-08-2021,"Lutmastraat 9-H, Amsterdam, Netherlands"
gmb-2021-281007,19-08-2021,"Zuid-Hollandstraat 74-3, Amsterdam, Netherlands"
gmb-2021-279069,17-08-2021,"Maasstraat 138-1, Amsterdam, Netherlands"
gmb-2021-279047,17-08-2021,"Saffierstraat 228, Amsterdam, Netherlands"
gmb-2021-276021,16-08-2021,"Bennebroekstraat 27-2, Amsterdam, Netherlands"
gmb-2021-274407,13-08-2021,"Van Ostadestraat 9-3, Amsterdam, Netherlands"
gmb-2021-274382,13-08-2021,"Van Ostadestraat 362-1, Amsterdam, Netherlands"
gmb-2021-274344,13-08-2021,"Rustenburgerstraat 331-1, Amsterdam, Netherlands"
gmb-2021-274409,13-08-2021,"Amsteldijk 152A-H, Amsterdam, Netherlands"
gmb-2021-274352,13-08-2021,"Herculesstraat 54A, Amsterdam, Netherlands"
gmb-2021-274333,13-08-2021,"Herculesstraat 54C, Amsterdam, Netherlands"
gmb-2021-274435,13-08-2021,"Balthasar Floriszstraat 43-4, Amsterdam, Netherlands"
gmb-2021-274429,13-08-2021,"Karel du Jardinstraat 84-1, Amsterdam, Netherlands"
gmb-2021-274373,13-08-2021,"President Kennedylaan 154-2, Amsterdam, Netherlands"
gmb-2021-274335,13-08-2021,"Saffierstraat 122, Amsterdam, Netherlands"
gmb-2021-274476,13-08-2021,"Hunzestraat 73-1, Amsterdam, Netherlands"
gmb-2021-272590,12-08-2021,"Albert Cuypstraat 39N, Amsterdam, Netherlands"
gmb-2021-272624,12-08-2021,"Waalstraat 89-H, Amsterdam, Netherlands"
gmb-2021-272587,12-08-2021,"Gerard Doustraat 14-3, Amsterdam, Netherlands"
gmb-2021-272612,12-08-2021,"Saxen-Weimarlaan 2, Amsterdam, Netherlands"
gmb-2021-272606,12-08-2021,"Warmondstraat 147-2, Amsterdam, Netherlands"
gmb-2021-247490,27-07-2021,"Eerste Lindendwarsstraat 14, Amsterdam, Netherlands"
gmb-2021-247485,27-07-2021,"Nassaukade 39-1, Amsterdam, Netherlands"
gmb-2021-247593,27-07-2021,"Van Bossestraat 46-H, Amsterdam, Netherlands"
gmb-2021-247488,27-07-2021,"Tweede Boerhaavestraat 59D, Amsterdam, Netherlands"
gmb-2021-245026,26-07-2021,"Anna van den Vondelstraat 10, Amsterdam, Netherlands"
gmb-2021-245052,26-07-2021,"Elckerlijcstraat 32-1, Amsterdam, Netherlands"
gmb-2021-245027,26-07-2021,"Van Bossestraat 41-H, Amsterdam, Netherlands"
gmb-2021-245130,26-07-2021,"De la Reijstraat 16B, Amsterdam, Netherlands"
gmb-2021-245131,26-07-2021,"Henrick de Keijserplein 21D, Amsterdam, Netherlands"
gmb-2021-231970,16-07-2021,"Van Tuyll van Serooskerkenweg 50, Amsterdam, Netherlands"
gmb-2021-231958,16-07-2021,"Lomanstraat 62-2, Amsterdam, Netherlands"
gmb-2021-231955,16-07-2021,"Cornelis Anthoniszstraat 71-2, Amsterdam, Netherlands"
gmb-2021-226712,13-07-2021,"Apollolaan 97-2, Amsterdam, Netherlands"
gmb-2021-226726,13-07-2021,"Gerard Doustraat 84-4, Amsterdam, Netherlands"
gmb-2021-226710,13-07-2021,"Hemonystraat 62-2, Amsterdam, Netherlands"
gmb-2021-226704,13-07-2021,"Willemsparkweg 209-2, Amsterdam, Netherlands"
gmb-2021-226717,13-07-2021,"Haarlemmermeerstraat 31-H, Amsterdam, Netherlands"
gmb-2021-220141,09-07-2021,"Roerstraat 105-3, Amsterdam, Netherlands"
gmb-2021-220156,09-07-2021,"Rietwijkerstraat 47-H, Amsterdam, Netherlands"
gmb-2021-220144,09-07-2021,"President Kennedylaan 270-3, Amsterdam, Netherlands"
gmb-2021-220157,09-07-2021,"Gerard Doustraat 147C, Amsterdam, Netherlands"
gmb-2021-220145,09-07-2021,"Mensinge 55, Amsterdam, Netherlands"
gmb-2021-220158,09-07-2021,"Oude-IJselstraat 26-4, Amsterdam, Netherlands"
gmb-2021-220146,09-07-2021,"Woestduinstraat 71-2, Amsterdam, Netherlands"
gmb-2021-220134,09-07-2021,"Amsteldijk 108-1, Amsterdam, Netherlands"
gmb-2021-220147,09-07-2021,"Van Eeghenstraat 8-H, Amsterdam, Netherlands"
gmb-2021-217678,08-07-2021,"Prins Hendriklaan 24-2, Amsterdam, Netherlands"
gmb-2021-217685,08-07-2021,"Gerard Doustraat 9-1, Amsterdam, Netherlands"
gmb-2021-217679,08-07-2021,"Asingaborg 105, Amsterdam, Netherlands"
gmb-2021-217686,08-07-2021,"Vaartstraat 68-1, Amsterdam, Netherlands"
gmb-2021-217688,08-07-2021,"Sloterkade 52, Amsterdam, Netherlands"
gmb-2021-213610,06-07-2021,"Koninginneweg 123-2, Amsterdam, Netherlands"
gmb-2021-213630,06-07-2021,"Valeriusstraat 102-H, Amsterdam, Netherlands"
gmb-2021-215050,06-07-2021,"Rijnsburgstraat 8, Amsterdam, Netherlands"
gmb-2021-213638,06-07-2021,"Kuipersstraat 50-3, Amsterdam, Netherlands"
gmb-2021-213646,06-07-2021,"Gerard Doustraat 9-1, Amsterdam, Netherlands"
gmb-2021-213634,06-07-2021,"Agamemnonstraat 12-1, Amsterdam, Netherlands"
gmb-2021-215047,06-07-2021,"Amstelkade 19-1, Amsterdam, Netherlands"
gmb-2021-213609,06-07-2021,"Henrick de Keijserstraat 30-2, Amsterdam, Netherlands"
gmb-2021-215048,06-07-2021,"Bronckhorststraat 42-H, Amsterdam, Netherlands"
